state_fips,state_abbr,state_name,year,television_movie_minutes_mean,television_movie_minutes_mean_se,television_movie_minutes_mean_l9,television_movie_minutes_mean_u9,television_movie_minutes_mean_cv,digital_leisure_minutes_mean,digital_leisure_minutes_mean_se,digital_leisure_minutes_mean_l95,digital_leisure_minutes_mean_u95,digital_leisure_minutes_mean_cv,share_any_television_movie,share_any_television_movie_se,share_any_television_movie_l95,share_any_television_movie_u95,share_any_television_movie_cv,share_any_digital_leisure,share_any_digital_leisure_se,share_any_digital_leisure_l95,share_any_digital_leisure_u95,share_any_digital_leisure_cv,sh_gt_p50_digital_leisure,sh_gt_p50_digital_leisure_se,sh_gt_p50_digital_leisure_l95,sh_gt_p50_digital_leisure_u95,sh_gt_p50_digital_leisure_cv,television_movie_minutes_users,remote_share,digital_access,digital_access_score_z,digital_work_score_z,digital_life_index,share_cellular_data_plan,share_internet,share_highspeed,z_cellular,z_internet,z_highspeed,digital_leisure_score_z,digital_life_raw,pc1,digital_life_index_pca,digital_work_score_01,digital_leisure_score_01,digital_access_score_01
1,AL,Alabama,2016,192.1434784,16.43884277,159.9233551,224.3636169,0.08555503935,208.3838654,14.87176132,179.2352142,237.5325165,0.07136714458,0.8770731688,0.03246372566,0.8134442568,0.9407020807,0.03701370209,0.906648159,0.02196905389,0.86358881,0.9497075081,0.02423106879,0.6097460389,0.04835386202,0.514972508,0.7045196295,0.07930164039,219.0734863,0.03394115716,-1.680902998,-2.141240462,-1.003182216,0.2574896039,0.8399716616,0.7865587473,0.7476759553,-1.063453913,-2.436608315,-1.542646766,1.551167397,-0.531085094,-2.599683413,0.08755979268,0.02432419908,0.5639383974,0.2542841626
1,AL,Alabama,2017,193.36203,19.92271805,154.3134918,232.410553,0.1030332521,204.6754761,22.89436722,159.8025208,249.5484467,0.1118569076,0.8166770935,0.04650175199,0.7255336642,0.9078205824,0.05694019422,0.8178401589,0.04642605409,0.7268450856,0.9088352323,0.05676665902,0.5338102579,0.04703248665,0.4416266084,0.6259939671,0.08810712397,236.7667999,0.03187518939,-1.325231964,-1.688164224,-1.03859733,0.2821831477,0.879445374,0.8135607839,0.7309638858,-0.2360821217,-1.833979964,-1.905633807,1.440854651,-0.4286356344,-2.282357909,0.1231951039,0.01975486994,0.5498682076,0.3397482793
1,AL,Alabama,2018,194.1786194,25.96567726,143.2858887,245.0713501,0.1337205768,207.1660004,25.81567192,156.5672913,257.7647095,0.1246134564,0.782632947,0.05281682312,0.6791119576,0.8861539364,0.0674860701,0.8748535514,0.03500700369,0.8062397838,0.9434672594,0.04001470283,0.5611445308,0.06701240689,0.4298002124,0.6924888492,0.1194209382,248.109436,0.03446337953,-1.151782342,-1.467213134,-0.9942302063,0.3094521114,0.8892506957,0.8309845924,0.7275553346,-0.03056188859,-1.445117354,-1.979667783,1.5149398,-0.31550118,-2.126020849,0.1407515868,0.02547920543,0.5593176335,0.3814264521
1,AL,Alabama,2019,192.640625,21.41616631,150.6649475,234.6163177,0.1111716032,200.7131042,21.11730957,159.3231659,242.1030273,0.1052114218,0.7938537598,0.04863385484,0.6985313892,0.8891761303,0.06126298755,0.8051359057,0.04601738602,0.7149418592,0.8953300118,0.05715480074,0.5714222789,0.06117514148,0.4515189826,0.6913255453,0.1070576832,242.6651306,0.03132094443,-1.038546776,-1.322966514,-1.048098276,0.3012912265,0.8985989094,0.8448791504,0.719897449,0.1653773338,-1.135020137,-2.145997524,1.322986735,-0.3493593518,-2.004910776,0.1543521172,0.01852903878,0.5348343695,0.4086358021
1,AL,Alabama,2021,197.4552765,15.98208714,166.1303864,228.7801666,0.08094028383,207.6515503,17.50966454,173.3325958,241.9704895,0.08432234079,0.7978504896,0.03366304561,0.7318709493,0.8638300896,0.04219217226,0.8527808785,0.05415698141,0.746633172,0.9589285254,0.06350632757,0.5909698009,0.0408312045,0.510940671,0.6709989905,0.06909186393,247.4840546,0.09774880111,-0.3086357216,-0.3931596877,0.0906174976,0.4840669346,0.9137431979,0.8842332363,0.7656619549,0.4828026891,-0.2567200363,-1.151989818,1.529383361,0.408947057,-0.6788864868,0.3032632122,0.1654484369,0.5611598833,0.5840259735
1,AL,Alabama,2022,161.6350555,25.791399,111.0839081,212.1861877,0.1595656276,170.4878845,25.41176605,120.6808243,220.2949524,0.149053216,0.8436288238,0.04644908383,0.7525886297,0.9346690774,0.05505867302,0.8521677256,0.04570389912,0.7625880837,0.9417473674,0.05363251641,0.4754012823,0.06713328511,0.3438200355,0.6069825292,0.1412139386,191.594986,0.0895762369,0.02254118025,0.0287143782,-0.04947776123,0.4178859885,0.927605629,0.8989874721,0.782866776,0.7733602524,0.0725633353,-0.7783000469,0.4238829095,0.1343731755,-0.1447115573,0.3632504796,0.147373065,0.4201553141,0.6636044006
1,AL,Alabama,2023,134.3842316,17.40740204,100.2657242,168.5027313,0.1295345575,139.5493774,15.90394783,108.3776321,170.7211151,0.1139664575,0.6555585861,0.05460290611,0.5485368967,0.7625802755,0.08329217881,0.6555585861,0.05460290611,0.5485368967,0.7625802755,0.08329217881,0.4733579755,0.05757450312,0.3605119586,0.5862039924,0.1216299385,204.9919434,0.08718504012,0.2271035115,0.2892988028,-0.09046799689,0.3615868494,0.9311767817,0.9214818478,0.7845614552,0.8482118249,0.5745902658,-0.7414915562,-0.4964389381,-0.09920271074,0.2891054368,0.4119676593,0.1420844224,0.3027699385,0.7127586395
2,AK,Alaska,2016,79.31778717,18.21671104,43.61303329,115.0225372,0.2296674103,86.91177368,22.58018303,42.65461349,131.1689301,0.2598058283,0.830426693,0.1147397608,0.6055367589,1.055316687,0.1381696463,0.830426693,0.1147397608,0.6055367589,1.055316687,0.1381696463,0.1880194992,0.1197161451,-0.04662415013,0.4226631522,0.6367219687,95.51448822,0.04843876511,-0.3533051635,-0.4500624456,-0.7546621577,0.1230174254,0.8513585925,0.8884081841,0.8154040575,-0.8247830272,-0.163544029,-0.07158843428,-2.062239661,-1.088988088,-0.1706337423,0.3603394462,0.05638875663,0.103054908,0.5732923629
2,AK,Alaska,2017,130.2469635,49.61518097,33.00121307,227.4927216,0.3809315562,164.8547668,45.90493393,74.88110352,254.8284454,0.2784568071,0.7064605951,0.1556291431,0.4014275074,1.011493683,0.2202941477,0.8543459773,0.0847048685,0.6883244514,1.020367503,0.09914585948,0.4811810553,0.1690922976,0.149760142,0.8126019835,0.351410985,184.365509,0.05382174999,-0.1616423329,-0.20591022,-0.6623862648,0.3363289434,0.8895296454,0.8875873685,0.8058847189,-0.02471508086,-0.1818629056,-0.2783490121,0.2563156363,-0.2039936162,-0.6609296516,0.3052797454,0.06829437783,0.3987824136,0.6193469835
2,AK,Alaska,2018,142.0331421,34.58789825,74.24085236,209.8254242,0.243519932,148.1092987,34.69149399,80.11397552,216.1046295,0.2342289984,0.8588135242,0.09933361411,0.6641196012,1.053507328,0.1156637743,0.951256454,0.05401092023,0.8453950882,1.05711782,0.05677850544,0.6170395613,0.1838309467,0.2567309141,0.9773482084,0.2979240716,165.3829803,0.05477137491,-0.3779201657,-0.4814185908,-0.6461076591,0.2754802275,0.8687098026,0.905194819,0.7780114412,-0.4611004591,0.211098209,-0.8837582469,-0.2418085989,-0.4564449496,-0.6825533667,0.3028514255,0.07039467625,0.3352475746,0.5673776293
2,AK,Alaska,2019,136.7520905,53.87227631,31.16243744,242.3417511,0.3939411342,146.7497864,51.18121719,46.43460464,247.0649719,0.3487651944,0.5220422149,0.2252539247,0.08054451644,0.9635398984,0.4314860404,0.8193697333,0.1018673033,0.6197098494,1.019029617,0.1243239716,0.3499626219,0.1226327717,0.1096023917,0.5903228521,0.3504167795,261.9559937,0.03872939572,-0.2936517,-0.3740720941,-0.9211015497,0.2587615981,0.9217005372,0.8824499846,0.7618849874,0.6495890617,-0.296518445,-1.234025717,-0.2822497519,-0.5258077985,-0.7809202098,0.2918049353,0.0349144117,0.3300893792,0.5876264809
2,AK,Alaska,2021,180.403183,57.30974197,68.07608795,292.7302856,0.3176758885,186.9352875,63.01523209,63.4254303,310.4451599,0.3370965123,0.9302897453,0.05604077503,0.8204498291,1.040129662,0.06024012715,0.9302897453,0.05604077503,0.8204498291,1.040129662,0.06024012715,0.7517951131,0.1481461674,0.4614286125,1.042161584,0.1970565766,193.9215088,0.09628196806,0.4313567877,0.5494895335,0.0654728366,0.5082714639,0.9513427019,0.9235671163,0.7911701798,1.270890951,0.6211290956,-0.5979496837,0.9131406567,0.5093676756,0.1333642214,0.3944780891,0.1622042222,0.4825592487,0.7618386157
2,AK,Alaska,2022,98.77204895,38.14327621,24.01122475,173.5328674,0.3861748278,101.4248123,37.27618027,28.36349869,174.4861298,0.3675252497,0.4367485046,0.1352124363,0.1717321277,0.7017648816,0.3095887899,0.5251739025,0.1345132738,0.2615279257,0.7888199091,0.256130904,0.2410514653,0.109852016,0.02574151196,0.456361413,0.4557201862,226.1531525,0.09888347983,0.2083552281,0.2654160546,0.1100683217,0.2846632169,0.9493404031,0.9518457651,0.7332441807,1.228922606,1.252248764,-1.856105685,-1.630523079,-0.4183462341,0.7576320344,0.46458269,0.1679580214,0.1581195718,0.7082536185
2,AK,Alaska,2023,141.197113,49.48357773,44.20929337,238.1849213,0.3504574597,160.8947144,51.15811157,60.62481689,261.1646118,0.3179601729,0.4324038923,0.1305033267,0.1766173691,0.6881904006,0.3018088639,0.5168219805,0.1461695582,0.2303296626,0.8033143282,0.282823801,0.4666376114,0.1406618059,0.1909404844,0.7423347235,0.3014369309,326.539856,0.09694501013,0.3433085283,0.4373280966,0.07683879811,0.4379369209,0.9449531436,0.9557766914,0.752078712,1.136965394,1.339978814,-1.447018623,0.138516713,0.2175612025,0.3046216912,0.4137101179,0.1636706814,0.3837573754,0.7406815182
4,AZ,Arizona,2016,142.7468567,12.81198406,117.635376,167.8583527,0.08975317329,149.5267487,13.06345463,123.9223785,175.1311188,0.08736533672,0.761947453,0.03832414374,0.68683213,0.8370627761,0.05029761791,0.7903028727,0.03761038184,0.7165865302,0.8640192151,0.04758983105,0.4384904504,0.0457068868,0.3489049375,0.5280759335,0.1042369083,187.3447571,0.06255362928,-0.7990291367,-1.01785381,-0.5127031471,0.2464868659,0.8170739412,0.8625355959,0.8135098815,-1.543391824,-0.7409655452,-0.1127300411,-0.1996439865,-0.5767336477,-0.9698368958,0.2705897956,0.08760679455,0.3406255941,0.4661894445
4,AZ,Arizona,2017,151.6714172,20.77996826,110.9426727,192.4001465,0.1370064914,156.8183899,20.99398232,115.6701736,197.9665833,0.1338745058,0.7014608383,0.05451828614,0.5946050286,0.8083167076,0.07772106677,0.7083055973,0.05489407107,0.6007131934,0.8158980012,0.07750055194,0.4196997881,0.04984173551,0.3220099807,0.5173895955,0.1187556833,216.2221985,0.06289260089,-0.5227365543,-0.6658948582,-0.5068924475,0.2926582682,0.8423216343,0.8847321868,0.8044999242,-1.014198303,-0.2455845326,-0.3084268272,0.0172590695,-0.3851760787,-0.794695635,0.29025797,0.0883565027,0.3682911839,0.5325797301
4,AZ,Arizona,2018,163.5757904,18.92884064,126.4752655,200.6763306,0.11571908,173.0139618,19.11075974,135.5568848,210.4710541,0.1104578972,0.7643463016,0.06125147641,0.6442934275,0.8843991756,0.08013576269,0.8128275871,0.03790727258,0.7385293841,0.8871258497,0.0466362983,0.4789744616,0.05519955233,0.370783329,0.5871655941,0.1152452976,214.0074463,0.06779440492,-0.2387301077,-0.3041094991,-0.4228650251,0.3671835402,0.8764570355,0.8903468251,0.8050170541,-0.298717916,-0.1202776581,-0.2971947491,0.4990256465,-0.07598295925,-0.6426202858,0.3073358674,0.09919788964,0.4297396333,0.6008235786
4,AZ,Arizona,2019,141.444519,16.37907028,109.3415375,173.5474854,0.1157985479,166.6891479,20.00100708,127.4871674,205.8911285,0.1199898645,0.7467964292,0.05040447786,0.6480036378,0.8455892205,0.06749427319,0.869645834,0.02884520777,0.8131092191,0.9261824489,0.03316891193,0.4977996647,0.0547692813,0.3904518485,0.6051474214,0.1100227386,189.4017029,0.07558478415,-0.01586505647,-0.02020991316,-0.2893212357,0.3856064069,0.892942369,0.8992583752,0.8107340932,0.04681584612,0.07860931754,-0.1730203331,0.3108826199,0.0004504903475,-0.3030000384,0.3454748542,0.1164279778,0.405742333,0.6543757742
4,AZ,Arizona,2021,126.668541,16.44530487,94.43574524,158.9013367,0.1298294365,138.5139771,16.71627426,105.7500763,171.2778625,0.1206829473,0.6887404323,0.05772946775,0.5755906701,0.8018901944,0.08381890506,0.7225993276,0.05146656558,0.621724844,0.8234737515,0.07122421265,0.4057417512,0.048171442,0.3113257289,0.5001577735,0.1187243909,183.9133301,0.2094542235,0.7437019547,0.9473745455,2.005487747,0.5803816898,0.9277443886,0.9355573058,0.8447640538,0.776268661,0.8887248039,0.5661123991,-0.5272387953,0.8085411657,2.143500836,0.6202142591,0.4125088457,0.2988414729,0.8368919692
4,AZ,Arizona,2022,128.1318359,16.3238945,96.13700867,160.1266785,0.1273992062,139.0715179,15.91963005,107.8690414,170.2739868,0.1144708171,0.6562398076,0.04280427843,0.5723434091,0.7401361465,0.06522658467,0.677919507,0.04480652884,0.5900987387,0.765740335,0.06609416753,0.3721890748,0.05545179173,0.2635035515,0.480874598,0.148988232,195.2515564,0.1925291419,0.6371702949,0.8116677851,1.715355589,0.5475006704,0.9223341942,0.9375808239,0.8331914544,0.6628705859,0.9338854551,0.3147548437,-0.5106537331,0.6721232137,1.852781272,0.5875667662,0.3750754115,0.3009568673,0.8112934994
4,AZ,Arizona,2023,120.3665924,17.3356266,86.38876343,154.3444214,0.1440235674,122.7254562,17.66150856,88.10890198,157.3420105,0.1439107209,0.728215158,0.05865667015,0.6132481098,0.8431822658,0.08054854721,0.7338852286,0.05801410973,0.620177567,0.8475928903,0.07905065268,0.4097762704,0.06626951694,0.2798880041,0.5396645069,0.1617212147,165.2898712,0.1749761701,0.7156773595,0.9116750451,1.414460048,0.4922939027,0.9335356951,0.9499637485,0.8205016255,0.8976548314,1.210246205,0.03913104162,-0.9968969016,0.443079397,1.870061998,0.5895073731,0.3362532639,0.2389374368,0.8301579452
5,AR,Arkansas,2016,190.2561798,20.06878471,150.9213562,229.5909882,0.1054829583,193.1305542,20.1697464,153.5978546,232.663269,0.1044358164,0.767449379,0.04403955489,0.6811318994,0.8537669182,0.05738430843,0.7955208421,0.04221189767,0.712785542,0.8782561421,0.05306196213,0.5541000366,0.05646868423,0.4434214234,0.6647786498,0.1019106284,247.9071198,0.03462772444,-2.377751033,-3.028929526,-0.9914129825,0.1506598644,0.8142963648,0.7719402313,0.691224277,-1.601609945,-2.762862682,-2.76878047,1.09743007,-0.9743041461,-3.052642894,0.03669293236,0.0258426893,0.5060650277,0.08683869706
5,AR,Arkansas,2017,170.5200195,18.70121574,133.8656311,207.1743927,0.1096716747,174.1488953,18.35642815,138.1703033,210.1274872,0.1054065153,0.750426054,0.05437099934,0.6438589096,0.8569931984,0.07245350629,0.7852861881,0.05345425382,0.6805158257,0.8900565505,0.06806977838,0.4761698842,0.05880218744,0.3609176278,0.5914222002,0.1234899238,227.2309418,0.03726297617,-2.019193033,-2.572175688,-0.9462391222,0.145621015,0.8495650291,0.7903503776,0.6877972484,-0.8623762727,-2.351987123,-2.843215704,0.5327862952,-0.9952095049,-2.538480669,0.09443279475,0.03167111156,0.4340457426,0.1729965222
5,AR,Arkansas,2018,134.4388733,19.02327919,97.15325165,171.7245026,0.1415013224,152.886673,22.65091896,108.4908676,197.2824707,0.1481549591,0.6361171603,0.08294069022,0.4735533893,0.7986809015,0.1303858757,0.7166745663,0.09609525651,0.5283278823,0.9050212502,0.1340849251,0.5356029272,0.1049749181,0.3298520744,0.7413537502,0.1959939301,211.3429565,0.03811629862,-1.5779336,-2.010071536,-0.9316113474,0.1411417401,0.8834859133,0.8205254674,0.68500489,-0.151392132,-1.678542852,-2.903865814,-0.09969696105,-1.013793282,-1.952376189,0.1602516945,0.03355841647,0.3533736552,0.2790266573
5,AR,Arkansas,2019,144.918396,30.12138367,85.88047791,203.9562988,0.2078506649,149.9160004,30.17731857,90.76845551,209.0635376,0.2012948543,0.7113319039,0.07845204324,0.5575658679,0.8650978804,0.1102889478,0.7707522511,0.06314015388,0.6469975114,0.8945069313,0.08192016929,0.4225961864,0.09980408847,0.2269801497,0.6182121634,0.2361689359,203.728241,0.03615339845,-1.360159631,-1.732657293,-0.9652596614,0.1536270015,0.8919023871,0.8321456909,0.6950220466,0.02501775324,-1.419203997,-2.686292648,-0.1880649904,-0.9619939815,-1.759625481,0.1818973908,0.02921704336,0.342102474,0.3313555179
5,AR,Arkansas,2021,200.6525726,34.62520218,132.7871857,268.5179749,0.1725629568,205.2117157,35.01641464,136.5795288,273.8438721,0.1706355661,0.7425193787,0.07427254319,0.5969452262,0.8880935907,0.1000277475,0.7536149025,0.07342729717,0.6096974015,0.8975324035,0.09743344784,0.5812548995,0.08916895092,0.4064837396,0.7560260296,0.1534076631,270.2321167,0.0979699716,-0.4396285117,-0.5600265816,0.09440883353,0.4651336837,0.9226328135,0.8822286725,0.7410502434,0.6691296697,-0.3014576733,-1.686557531,1.456806068,0.3303961068,-0.7669129234,0.2933779385,0.1659376027,0.5519027818,0.552549744
5,AR,Arkansas,2022,141.0221252,35.61211395,71.22238922,210.8218689,0.2525285482,153.835083,36.23804855,82.8085022,224.8616486,0.2355642766,0.7444663644,0.06653790921,0.6140520573,0.8748806715,0.08937665075,0.7730640173,0.06215782836,0.6512346268,0.8948933482,0.08040450513,0.4078241289,0.07651198655,0.2578606308,0.5577876568,0.1876102537,189.4271393,0.08333730698,-0.05082691958,-0.06474654376,-0.156426386,0.3619845845,0.9363471866,0.8917363286,0.7717481256,0.9565839171,-0.0892668739,-1.019797802,-0.07148478932,-0.09755257303,-0.126160312,0.3653337644,0.1335743385,0.3569720663,0.6459747956
5,AR,Arkansas,2023,129.4378357,24.47453117,81.46775055,177.4079132,0.1890832931,130.4320831,24.68853378,82.04256439,178.8216095,0.1892826706,0.5806986094,0.08172632754,0.4205150008,0.7408822179,0.1407379508,0.5806986094,0.08172632754,0.4205150008,0.7408822179,0.1407379508,0.4282793701,0.07290325314,0.2853889763,0.571169734,0.1702236086,222.9001923,0.0894465968,0.2405645152,0.3064462799,-0.05170007032,0.3442892256,0.9443277717,0.9126553535,0.7827993035,1.123857498,0.3776015937,-0.7797655463,-0.7676493467,-0.1709677124,0.4104977043,0.4255998798,0.1470863382,0.2681775449,0.7159931812
6,CA,California,2016,136.6038361,7.140428066,122.6085968,150.5990753,0.05227106437,145.1640472,7.499694347,130.4646454,159.8634491,0.05166357756,0.7804877758,0.02018363774,0.7409278154,0.8200476766,0.02586028725,0.8193073273,0.01872798987,0.7826004624,0.8560141921,0.0228583198,0.4103966355,0.02624799497,0.3589505851,0.4618427157,0.06395762414,175.0236816,0.05855744332,-0.1402353446,-0.1786406456,-0.5812063356,0.2979819162,0.8607739806,0.8803860545,0.8439905047,-0.627435863,-0.3425810337,0.549310863,-0.3294204304,-0.3630891372,-0.4070707362,0.3337878273,0.07876837547,0.324072845,0.6244908642
6,CA,California,2017,124.6205368,6.179530144,112.5086594,136.7324219,0.04958676919,135.0151367,6.586847305,122.1049118,147.925354,0.04878599197,0.7446538806,0.02193827555,0.7016548514,0.7876529098,0.02946103737,0.7844108343,0.02124062367,0.7427791953,0.8260424137,0.02707844228,0.3821267486,0.02437554859,0.3343506753,0.4299028218,0.06378916651,167.3536377,0.06005040556,0.2309536077,0.2942032986,-0.5556137644,0.3137725962,0.888520658,0.9022888541,0.8459780812,-0.0458635278,0.1462432146,0.5924811363,-0.6313181289,-0.2975761982,0.02363591546,0.3821557189,0.08207038046,0.2855663434,0.7136837783
6,CA,California,2018,120.0821686,6.450966835,107.4382706,132.726059,0.05372127146,136.4158478,6.818059444,123.0524445,149.7792358,0.04997996986,0.7526292801,0.0233276058,0.7069072127,0.7983514071,0.03099481389,0.7942396402,0.02125629783,0.7525773048,0.8359019756,0.02676307783,0.4198726714,0.02628168836,0.3683605492,0.4713847935,0.06259442866,159.5502167,0.06020909548,0.4011845489,0.5110542291,-0.5528934792,0.3347614477,0.9068371058,0.9127411842,0.8410750031,0.3380505145,0.379517138,0.4859859943,-0.5896514452,-0.2104968984,0.1594227877,0.397404438,0.08242135711,0.290880853,0.7545885349
6,CA,California,2019,130.109314,8.961045265,112.5456619,147.6729584,0.06887320429,140.4593201,9.56864357,121.7047729,159.2138519,0.06812395155,0.72209692,0.02697479352,0.6692263484,0.7749675512,0.03735619411,0.763145566,0.02514827438,0.7138549685,0.812436223,0.03295344114,0.4037276208,0.02563580498,0.3534814417,0.4539737999,0.06349776685,180.1826019,0.06277418882,0.5440617998,0.6930603002,-0.5089222842,0.3625811121,0.9177483916,0.9202927351,0.8425204754,0.5667518377,0.5480518341,0.5173817277,-0.469371049,-0.09507767764,0.27482982,0.410364523,0.0880946091,0.3062223985,0.788920479
6,CA,California,2021,140.4951935,7.688632488,125.4254837,155.5649261,0.05472523347,157.8671875,8.015420914,142.1569672,173.5774231,0.05077318847,0.7632812858,0.02682074532,0.7107126117,0.8158499599,0.03513874114,0.8102900982,0.02264761552,0.7659007907,0.8546794653,0.02795000747,0.4861295223,0.02814927511,0.4309569597,0.5413020849,0.05790488422,184.0673981,0.2129831463,1.003767093,1.278661953,2.065981044,0.6581124869,0.9453341961,0.949156642,0.8497365713,1.144952297,1.192233205,0.674115777,0.04845745116,1.131033483,2.230153896,0.6299453041,0.4203138125,0.3722704806,0.8993829658
6,CA,California,2022,122.7821121,6.495943069,110.0500641,135.5141602,0.05290626734,139.9118958,6.776364326,126.6302185,153.1935577,0.04843308404,0.7018017769,0.02829173021,0.6463499665,0.7572535872,0.04031299427,0.7698602676,0.0255372189,0.7198073268,0.8199132085,0.03317124024,0.4302477241,0.02763850428,0.3760762513,0.4844191968,0.06423858553,174.9526978,0.1710852087,1.051723421,1.339751754,1.347760633,0.562403451,0.9500138164,0.9544681907,0.8463867307,1.243037462,1.310775757,0.6013570428,-0.4856551753,0.7339524039,1.957294192,0.5993034541,0.3276475714,0.3041453879,0.9109063815
6,CA,California,2023,138.3423309,8.925231934,120.8488693,155.8357849,0.06451556087,148.1352081,9.065005302,130.3677979,165.9026184,0.06119413301,0.7099877596,0.02838679962,0.6543496251,0.7656258941,0.03998209909,0.7601373792,0.0260929931,0.7089951038,0.8112796545,0.03432668,0.5371132493,0.02758235112,0.4830518663,0.5911746621,0.05135295168,194.8516998,0.1470417827,1.106486917,1.409512956,0.9356048043,0.5545476466,0.9546675086,0.9636537433,0.8400214911,1.340579152,1.515777946,0.463103652,-0.2410378762,0.7013599612,1.653725234,0.5652129881,0.2744703978,0.3353458789,0.9240654902
8,CO,Colorado,2016,161.7848053,18.22820854,126.0575104,197.512085,0.1126694754,170.3188324,16.45689201,138.063324,202.5743408,0.09662402421,0.7680905461,0.06087581068,0.6487739682,0.887407124,0.07925603539,0.851883471,0.03857642785,0.7762736678,0.9274932146,0.04528369009,0.4980640113,0.05492895469,0.3904032707,0.6057247519,0.110284932,210.6324615,0.07995150983,-0.08310711881,-0.1058671014,-0.2144662025,0.3934133658,0.85119766,0.8980263472,0.8429965377,-0.8281562328,0.05111305416,0.5277218223,0.4188541483,0.03284028146,-0.3444409606,0.3408210834,0.1260859247,0.4195139048,0.6382181934
8,CO,Colorado,2017,122.3538437,13.03573418,96.80381012,147.9038849,0.1065412685,135.1715393,12.60993958,110.4560623,159.8870239,0.09328841418,0.7272746563,0.04320299998,0.6425967813,0.8119525313,0.05940396711,0.7403312325,0.04150573909,0.6589799523,0.8216824532,0.05606374145,0.4744797349,0.04796591774,0.3804665208,0.568492949,0.1010916084,168.2360992,0.08311655372,0.1555725733,0.1981781735,-0.1602105697,0.3381995727,0.8717859387,0.9099861383,0.843806386,-0.3966244161,0.3180303276,0.5453118086,-0.6266656511,-0.1962326824,0.2211225983,0.40433326,0.1330860955,0.2861597585,0.6955704857
8,CO,Colorado,2018,128.4869995,17.62701225,93.93804932,163.0359344,0.1371890754,136.9740906,17.40878868,102.8528748,171.0953217,0.1270954907,0.724614501,0.05386767536,0.6190338731,0.8301951289,0.07433976978,0.7906285524,0.04884931445,0.694883883,0.8863732219,0.06178541854,0.4710748494,0.06028005853,0.3529259264,0.5892237425,0.1279628128,177.3177185,0.0844810158,0.4327666685,0.5512855288,-0.1368207665,0.3727568415,0.8962816,0.9202088714,0.8479501009,0.1168063655,0.5461801291,0.6353135109,-0.5730455035,-0.0528602471,0.4592884939,0.4310790328,0.1361038949,0.2929989106,0.7621773956
8,CO,Colorado,2019,133.3995972,15.19304466,103.6212387,163.1779633,0.1138912216,140.9689789,15.49736786,110.5941391,171.3438263,0.1099345982,0.8048145771,0.03923656046,0.7279109359,0.8817182183,0.04875230044,0.8076717854,0.03900802508,0.7312160134,0.8841274977,0.04829687998,0.4390745163,0.06035385653,0.3207809627,0.5573680997,0.1374569833,165.7519684,0.09215373546,0.60943832,0.776341043,-0.005293914152,0.4109537046,0.9092860818,0.9337614775,0.845877111,0.3893812299,0.8486456871,0.590288043,-0.4542103258,0.1056122677,0.6627467614,0.4539271764,0.1530737538,0.3081561211,0.8046297891
8,CO,Colorado,2021,122.6403809,18.08882332,87.18628693,158.0944824,0.1474948525,129.3312531,18.35233116,93.36068726,165.3018341,0.1419017613,0.6251662374,0.06259302795,0.5024839044,0.7478485703,0.1001222134,0.6554789543,0.05727927759,0.5432115793,0.7677463293,0.08738537878,0.3539563119,0.05588904768,0.2444137931,0.4634988606,0.1578981429,196.1724396,0.2359743118,1.089494586,1.387867051,2.460098875,0.6303512817,0.9383903146,0.953228116,0.8640947342,0.9994080067,1.28309989,0.9859758615,-0.8003955283,1.015856799,2.829805374,0.6972855172,0.4711636874,0.264000829,0.9199824068
8,CO,Colorado,2022,114.6291122,13.35297775,88.45727539,140.8009491,0.1164885387,129.3517609,15.8328886,98.31929779,160.3842163,0.1224018037,0.6904327273,0.05893720314,0.5749158263,0.805949688,0.08536269516,0.7029080987,0.05831837282,0.5886040926,0.8172121048,0.08296727389,0.3958434761,0.05603928119,0.2860064805,0.5056804419,0.1415692866,166.0250244,0.2100938857,1.113915722,1.418976237,2.016452927,0.597255514,0.9406955838,0.9569031,0.8614670634,1.047726631,1.365117788,0.9289027452,-0.7997854863,0.8785478924,2.554521667,0.6663714543,0.4139235952,0.2640786388,0.9258505562
8,CO,Colorado,2023,103.659668,12.54104042,79.07923126,128.2401123,0.1209828332,112.4356613,12.23812008,88.44895172,136.4223785,0.1088455319,0.6398352981,0.06660566479,0.5092881918,0.7703824043,0.1040981486,0.6984160542,0.06422980875,0.5725256801,0.824306488,0.0919649601,0.3724740148,0.05190364271,0.2707428932,0.4742051661,0.139348343,162.0099335,0.1997348964,1.15913566,1.476580251,1.838877659,0.5471875551,0.9466221929,0.9672819376,0.8513291478,1.171948791,1.596751571,0.7087066174,-1.302985461,0.6708241496,2.630655296,0.6749211786,0.3910124772,0.1998963984,0.9367164455
9,CT,Connecticut,2016,136.3303223,19.19564247,98.7068634,173.9537811,0.140802443,143.3221283,20.3549118,103.426506,183.2177582,0.1420221031,0.8127554059,0.05345854908,0.7079766393,0.9175341725,0.06577446312,0.8177563548,0.05310224369,0.7136759758,0.9218367338,0.06493651122,0.4546248019,0.06732028723,0.3226770461,0.5865725875,0.1480787843,167.7384338,0.05197433382,-0.1756603122,-0.2237672079,-0.6940549356,0.2808874524,0.8192558885,0.8740853667,0.8856370449,-1.497658014,-0.48319906,1.453876138,-0.3842116407,-0.4340112614,-0.4960166494,0.3237992973,0.06420842226,0.3170843259,0.6159786063
9,CT,Connecticut,2017,144.9293671,15.66155815,114.2327194,175.6260223,0.1080633774,152.7498169,16.11519814,121.1640244,184.3356018,0.1055006012,0.7658017278,0.05914481729,0.6498779058,0.8817255497,0.0772325471,0.7684286237,0.05914971232,0.6524951458,0.884362042,0.07697489858,0.528024137,0.06185508147,0.4067881703,0.6492601037,0.1171444207,189.2518158,0.05079419166,0.08971114457,0.1142797235,-0.7142851005,0.3289539813,0.8441117406,0.885981977,0.886080265,-0.9766775966,-0.2176918536,1.463502884,-0.1037679926,-0.2345911232,-0.3673375306,0.3382498233,0.06159828571,0.3528544025,0.679744657
9,CT,Connecticut,2018,142.664917,24.01138878,95.60259247,189.7272339,0.1683061868,152.1511841,23.73037148,105.6396561,198.6627045,0.1559657454,0.8348549604,0.06717232615,0.7031972408,0.9665127397,0.08045987785,0.8982069492,0.038568113,0.8226134181,0.9738004208,0.04293900728,0.4151151776,0.08108777553,0.2561831474,0.5740472078,0.1953380257,170.8858643,0.05709462613,0.1938153344,0.2468942192,-0.6062821561,0.3468553905,0.8557627201,0.8966342211,0.8782705069,-0.7324722409,0.02004374191,1.293874502,-0.1215754083,-0.1603211151,-0.199917509,0.3570509109,0.07553304271,0.3505830991,0.7047598305
9,CT,Connecticut,2019,152.6110229,22.61942863,108.2769394,196.9450989,0.1482162327,170.9228821,27.84700203,116.3427582,225.503006,0.1629214436,0.7313789725,0.06296040863,0.6079765558,0.8547813892,0.08608451486,0.7637485266,0.06097028777,0.644246757,0.8832502365,0.07983031869,0.491509825,0.0867331773,0.3215127885,0.6615068316,0.1764627546,208.6620178,0.05595543236,0.4219366387,0.5374895524,-0.6258103779,0.4134977974,0.8867961764,0.9080372453,0.8681144118,-0.0820087865,0.2745351493,1.073283553,0.4368226986,0.116167291,-0.1888913645,0.358289135,0.07301347227,0.4218057606,0.7595750501
9,CT,Connecticut,2021,165.9343109,28.50175095,110.0708771,221.7977448,0.1717652678,171.8301392,28.71219254,115.554245,228.1060486,0.1670963615,0.7227824926,0.06903471053,0.5874744654,0.8580905199,0.09551242739,0.7422289252,0.06916195899,0.6066715121,0.8777863979,0.09318143874,0.4874946773,0.07285761088,0.3446937799,0.6302955747,0.1494531333,229.5771027,0.1973260194,0.9398160378,1.197197058,1.797584346,0.663374337,0.9192357659,0.941419661,0.8740387559,0.5979273319,1.019560218,1.201960564,0.4638107013,1.152864035,1.867319911,0.5891994396,0.385684731,0.4252480312,0.8840161804
9,CT,Connecticut,2022,105.0291443,15.89492321,73.87509155,136.183197,0.1513382196,122.8823166,15.68571281,92.13832092,153.6263123,0.1276482493,0.7233448625,0.08317515999,0.5603215098,0.8863681555,0.1149868742,0.8337301612,0.04883182794,0.738019824,0.929440558,0.0585702993,0.2698631883,0.06089771539,0.1505036801,0.3892227113,0.2256614268,145.1992798,0.1606427729,0.9685107271,1.233750166,1.168754914,0.4988046513,0.9237264991,0.9443281889,0.870679915,0.6920533776,1.084472418,1.129006386,-0.9922308068,0.4700914244,1.92271661,0.595420429,0.3045518936,0.2395325887,0.8909112211
9,CT,Connecticut,2023,142.8570557,20.78098679,102.1263275,183.5877838,0.1454669833,171.1828766,29.83929634,112.6978455,229.6678925,0.1743123978,0.8048175573,0.06258279085,0.6821553111,0.9274798632,0.07776022702,0.8423696756,0.0584002547,0.7279051542,0.9568341374,0.06932853907,0.470975101,0.07653008401,0.3209761679,0.6209740639,0.1624928415,177.5024109,0.1441667527,1.051255425,1.339155591,0.8863206301,0.6000184778,0.9372056723,0.9536469579,0.859525919,0.9745777845,1.292447567,0.8867409229,0.4445567054,0.8900109756,1.361086736,0.5323500011,0.2681116546,0.4227922191,0.9107939269
10,DE,Delaware,2016,107.0596466,18.73838043,70.33242035,143.7868805,0.1750274748,113.8796005,19.59364319,75.47605896,152.2831421,0.1720557809,0.8741868734,0.08281683177,0.7118659019,1.036507845,0.09473584592,0.8741868734,0.08281683177,0.7118659019,1.036507845,0.09473584592,0.5228642821,0.1558344811,0.2174286842,0.8282998204,0.2980400324,122.4676895,0.04515561834,-0.4210813046,-0.5363999771,-0.8109423268,0.1760113339,0.7961869836,0.8726807833,0.8754441738,-1.981183887,-0.5145463943,1.232486367,-1.260032878,-0.8691250607,-0.5148390202,0.3216855654,0.04912737607,0.2053749222,0.5570064484
10,DE,Delaware,2017,156.1085205,15.4245615,125.8763809,186.3406677,0.09880666435,163.937027,12.95977783,138.5358734,189.3381958,0.07905338705,1,0,1,1,0,1,0,1,1,0,0.8808144927,0.08689010888,0.7105098963,1.051119089,0.09864746034,156.1085205,0.04896200076,0.4452744598,0.5672187438,-0.7456927777,0.3895585436,0.8875083327,0.9065030813,0.8722270131,-0.0670819357,0.2402958572,1.162609458,0.2290158042,0.01684725675,-0.1845018814,0.3587820692,0.05754600407,0.3953003697,0.7651828901
10,DE,Delaware,2018,139.0232391,45.06001282,50.70560837,227.3408661,0.3241185844,139.9138336,45.24177933,51.23994064,228.5877075,0.3233546019,0.5627706051,0.1387337893,0.2908523977,0.8346888423,0.2465192378,0.5627706051,0.1387337893,0.2908523977,0.8346888423,0.2465192378,0.3548801839,0.1134003848,0.1326154172,0.5771449208,0.319545567,247.0335693,0.05415730551,0.4625930985,0.5892803201,-0.6566341242,0.3410716003,0.9097294807,0.902589798,0.8571964502,0.3986749053,0.1529596448,0.8361447453,-0.48559753,-0.1843171114,0.1109577901,0.3919618711,0.06903653056,0.3041527404,0.7693443821
10,DE,Delaware,2019,182.3601379,41.67794418,100.6713638,264.0489197,0.2285474539,182.3601379,41.67794418,100.6713638,264.0489197,0.2285474539,0.8554546237,0.09161514044,0.6758889556,1.035020232,0.1070952639,0.8554546237,0.09161514044,0.6758889556,1.035020232,0.1070952639,0.5507887006,0.126377061,0.3030896783,0.7984877229,0.2294474244,213.1733704,0.05286998674,0.5688100259,0.7245861545,-0.6787015257,0.4516151017,0.9279282689,0.9208747745,0.8355169892,0.780122757,0.5610417128,0.3652656078,0.7770445593,0.2743097293,-0.2027379355,0.35673418,0.06618935006,0.4652004393,0.7948672249
10,DE,Delaware,2021,259.2975464,62.53263474,136.7335815,381.8615112,0.2411616892,323.3138123,71.24059296,183.682251,462.9453735,0.2203450352,0.8556618094,0.08535192907,0.688372016,1.022951603,0.09974960983,0.9314484,0.05608201027,0.8215276599,1.041369081,0.06020946428,0.7369222641,0.10915301,0.5229823589,0.9508621693,0.1481201202,303.0374146,0.1862700582,0.8402613004,1.070377942,1.608061485,1,0.9236281514,0.9383607507,0.8591925502,0.6899920106,0.9512917399,0.8795001507,4.969966527,2.549468651,0.26093172,0.4088037814,0.3612321105,1,0.8600941938
10,DE,Delaware,2022,152.2968597,31.93124962,89.71160889,214.8821106,0.2096645385,160.7566681,34.21617889,93.69296265,227.8203888,0.2128445357,0.8075576425,0.1150070801,0.5821437836,1.032971501,0.1424134523,0.8075576425,0.1150070801,0.5821437836,1.032971501,0.1424134523,0.4599736631,0.1391910613,0.1871591806,0.7327881455,0.3026065826,188.589447,0.1539335996,1.068551302,1.361188172,1.05374531,0.5903218487,0.9293225408,0.9481699467,0.8751499057,0.8093467951,1.170212269,1.226094842,0.1344102772,0.8497812531,1.583719292,0.5573513966,0.2897131233,0.383233607,0.9149499495
10,DE,Delaware,2023,69.68967438,29.05798149,12.73603249,126.6433182,0.4169625044,76.78971863,29.92669106,18.13340569,135.4460297,0.3897226155,0.3384594917,0.1264845431,0.09054978192,0.5863692164,0.373706609,0.4345062077,0.1477662027,0.1448844671,0.7241279483,0.3400784433,0.2613224685,0.1100477055,0.04562895373,0.4770159423,0.4211184382,205.9025726,0.137634784,0.9083267848,1.157084057,0.7743486928,0.3507968657,0.9253215194,0.9540855289,0.8508021235,0.725485146,1.302235603,0.6972596049,-2.363338495,-0.1439685816,2.031655419,0.6076541396,0.2536648102,0.06465030013,0.8764496345
11,DC,District of Columbia,2016,79.9679184,30.50860405,20.17105484,139.7647858,0.3815105557,81.98894501,31.61902046,20.01566124,143.9622192,0.3856498301,0.4579593241,0.1259688586,0.2110603601,0.7048583031,0.2750656009,0.4579593241,0.1259688586,0.2110603601,0.7048583031,0.2750656009,0.2437567264,0.09357903898,0.06034181267,0.4271716475,0.383903414,174.6179504,0.059855856,-0.015597562,-0.0198691618,-0.5589487606,0.1615397367,0.8974334598,0.8190500736,0.8888530731,0.1409494281,-1.711470604,1.52372849,-2.208678103,-0.9291653418,0.2966637574,0.4128164506,0.08164009254,0.08437695144,0.6544400504
11,DC,District of Columbia,2017,133.2400055,38.73359299,57.32216263,209.1578369,0.2907054126,133.2400055,38.73359299,57.32216263,209.1578369,0.2907054126,0.7891831994,0.1104191765,0.5727616549,1.005604863,0.1399157643,0.7891831994,0.1104191765,0.5727616549,1.005604863,0.1399157643,0.2822331786,0.1057665646,0.07493072748,0.4895356596,0.3747488558,168.8327789,0.07263326645,0.1557547251,0.1984102099,-0.3399165722,0.3191636357,0.9003741145,0.8592703938,0.8683553338,0.2025857568,-0.8138379455,1.078516364,-0.6841226177,-0.27520966,0.1190882756,0.3928749158,0.1099000658,0.278831227,0.6956142549
11,DC,District of Columbia,2018,118.6105499,30.74533463,58.34969711,178.8714142,0.2592124641,136.6417999,39.22980499,59.75138474,213.5322266,0.2870995998,0.6476266384,0.1459780782,0.3615096211,0.9337436557,0.2254046798,0.6476266384,0.1459780782,0.3615096211,0.9337436557,0.2254046798,0.3904152811,0.12585181,0.1437457353,0.6370848417,0.3223536909,183.1464996,0.06241668016,0.5246276706,0.6683038783,-0.5150507485,0.3509759348,0.9178673029,0.885837853,0.8751246929,0.569244206,-0.2209083885,1.225547194,-0.5829300899,-0.1432256533,0.2891021269,0.4119672876,0.08730390231,0.2917381497,0.7842506562
11,DC,District of Columbia,2019,117.4477844,31.81639671,55.08764648,179.8079224,0.2708982229,127.3918839,32.88372803,62.93978119,191.8439941,0.258130461,0.6936214566,0.1296908408,0.4394273758,0.9478154778,0.186976403,0.6936214566,0.1296908408,0.4394273758,0.9478154778,0.186976403,0.4122933149,0.1326373965,0.1523240209,0.672262609,0.3217063844,169.3254852,0.07293560356,0.9241463194,1.17723598,-0.3347338664,0.3842457898,0.9439015388,0.9022876024,0.8882808685,1.114923596,0.1462152749,1.511300087,-0.8580855727,-0.005194486301,0.8392653243,0.4737500203,0.1105687489,0.2566425689,0.8802509071
11,DC,District of Columbia,2021,114.785614,35.46374893,45.27666092,184.2945557,0.3089564145,118.5472183,35.68675995,48.60116196,188.4932709,0.3010341525,0.7177871466,0.1278276145,0.4672449827,0.9683292508,0.1780856997,0.7177871466,0.1278276145,0.4672449827,0.9683292508,0.1780856997,0.2758011222,0.1044910252,0.07099872082,0.4806035161,0.3788636625,159.9159546,0.4750813544,0.927387615,1.181364947,6.55890583,0.9173003898,0.9502524137,0.932936728,0.8511071801,1.248038411,0.8302389979,0.7038854361,-1.121186145,2.206361544,5.525418867,1,1,0.2230845701,0.8810297573
11,DC,District of Columbia,2022,75.64287567,21.14186668,34.20481873,117.0809402,0.2794958055,99.2244873,22.4640789,55.19488907,143.2540741,0.2263965309,0.5744810104,0.1204245314,0.3384489119,0.8105130792,0.2096231878,0.7476026416,0.1254432797,0.5017338395,0.9934715033,0.1677940637,0.3077006638,0.122353293,0.06788822263,0.5475131273,0.3976373971,131.6716766,0.3297080994,1.223119259,1.558086604,4.066896802,0.7011693228,0.928057611,0.9554849267,0.8902033567,0.7828338146,1.333467245,1.553056717,-1.695975726,1.309669227,4.294778792,0.8618004492,0.6784759858,0.1497712059,0.9520910509
11,DC,District of Columbia,2023,72.35863495,27.98393059,17.51012993,127.2071381,0.3867393434,122.4636307,25.87119865,71.75608063,173.1711731,0.2112561911,0.4370599091,0.1675430983,0.1086754277,0.7654443979,0.3833412826,0.8204402924,0.08927226812,0.6454666257,0.9954138994,0.1088101938,0.3931946158,0.162445128,0.07480218261,0.7115870714,0.4131417871,165.5577087,0.2758161128,1.220655322,1.554947885,3.143072697,0.6822344952,0.9544929266,0.9528406858,0.8670697212,1.336919904,1.274453282,1.05059278,-1.004685376,1.231111735,3.462087513,0.7682901183,0.5592823428,0.237944031,0.951498992
12,FL,Florida,2016,143.758606,11.33643246,121.5391998,165.9780121,0.07885742188,162.0514526,13.20671844,136.1662903,187.9366302,0.08149706572,0.741519928,0.02976519614,0.6831801534,0.7998597026,0.040140789,0.7678133249,0.02834160067,0.7122638226,0.8233628869,0.03691209853,0.4496307969,0.03354295716,0.3838866055,0.5153750181,0.07460110635,193.8701782,0.05954071507,-0.6809969048,-0.8674968936,-0.5643509513,0.2843512292,0.8160293698,0.8531947136,0.8404186368,-1.56528604,-0.94943434,0.471729666,0.1729259852,-0.4196406199,-1.017742008,0.2652101033,0.08094309103,0.3881462154,0.4945513843
12,FL,Florida,2017,164.5909119,12.57531261,139.9432983,189.2385254,0.0764034465,174.6658325,12.44365406,150.2762756,199.0554047,0.07124263048,0.7666062713,0.03022815101,0.7073590755,0.8258534074,0.03943113238,0.7906807065,0.02976205572,0.7323470712,0.8490143418,0.03764105588,0.5179212689,0.03082888201,0.4574966431,0.5783458352,0.05952426419,214.7007141,0.06104082987,-0.2873185376,-0.3660045116,-0.53863577,0.3568571193,0.8473445773,0.874550283,0.8426311016,-0.9089170694,-0.4728231132,0.5197845697,0.5481635288,-0.1188255842,-0.7770237433,0.2922425043,0.08426091543,0.4360070807,0.5891482751
12,FL,Florida,2018,164.8261108,10.51511097,144.2164917,185.43573,0.06379517913,185.1322784,11.03353691,163.506546,206.7580109,0.05959812924,0.7865792513,0.02880126983,0.7301287651,0.8430297375,0.03661585227,0.8249714971,0.02694199234,0.7721651793,0.8777778149,0.03265808895,0.4752097428,0.03385862708,0.4088468254,0.5415726304,0.07124985754,209.5480042,0.06266265363,0.008436645071,0.01074712997,-0.5108342363,0.4143749842,0.8816678524,0.888427496,0.8360996842,-0.1894988269,-0.1631130278,0.3779217899,0.8595068921,0.1198065953,-0.5996266405,0.3121640073,0.08784792519,0.4757183597,0.6602152249
12,FL,Florida,2019,141.4223938,10.43562126,120.9685745,161.8762054,0.07379044592,154.8625336,11.40755653,132.5037231,177.221344,0.0736624673,0.7873658538,0.02890489809,0.730712235,0.8440194726,0.03671088815,0.8338693976,0.02616417408,0.7825876474,0.8851512074,0.03137682378,0.4344610572,0.03448460996,0.3668712378,0.5020508766,0.07937330008,179.6145935,0.0700558722,0.2242901946,0.285715022,-0.3840986312,0.3743055263,0.9018467069,0.8986309171,0.8359565735,0.2334513962,0.06460577995,0.3748134077,-0.04092141415,-0.0464350078,-0.05025438928,0.3738579175,0.1041996077,0.3608703691,0.7120826282
12,FL,Florida,2021,150.6375427,12.13488674,126.8531647,174.4219208,0.08055685461,162.797699,11.99454212,139.2883911,186.3070068,0.07367759198,0.7404551506,0.02816080488,0.6852599382,0.7956503034,0.03803175315,0.7825805545,0.02659461088,0.7304551601,0.8347060084,0.03398322687,0.50883919,0.03221591562,0.4456959963,0.5719823837,0.06331256777,203.4391327,0.1654857099,0.7811090549,0.9950260736,1.251773229,0.5816913132,0.9318019152,0.9348579049,0.8467338681,0.8613146544,0.8731156588,0.6088968515,0.1951244322,0.8139745782,1.449153983,0.5422398577,0.3152630835,0.3909775869,0.8458805133
12,FL,Florida,2022,153.7448578,12.83147144,128.5951843,178.8945465,0.0834595114,163.7007904,12.64728451,138.9121094,188.4894714,0.07725854218,0.7656472921,0.03410939872,0.6987928748,0.8325017095,0.04454975203,0.8104475737,0.02931031398,0.7529993653,0.867895782,0.0361655876,0.4249946177,0.03571693227,0.3549894392,0.4949997962,0.08404090255,200.803772,0.1647002697,0.951191167,1.211687416,1.238309101,0.6001753179,0.9425843358,0.9456228018,0.8487594724,1.087314963,1.113365412,0.652893126,0.2219885201,0.8906616791,1.578587468,0.5567750982,0.3135259147,0.3944040524,0.8867495077
12,FL,Florida,2023,141.2883148,18.31655121,105.3878784,177.1887665,0.1296395361,153.2245789,18.07309914,117.8013077,188.6478577,0.1179516986,0.6724089384,0.03554799035,0.6027348638,0.7420830131,0.05286662281,0.7386897206,0.03295156732,0.6741046906,0.8032748103,0.04460813105,0.4814001918,0.03866588697,0.4056150615,0.5571853518,0.08031963557,210.1226044,0.1580648869,0.9937458634,1.265896278,1.124564425,0.5703541272,0.944499433,0.9596483111,0.8383775353,1.127455592,1.426385164,0.4273968339,-0.08964533941,0.7669384545,1.635771877,0.5631968456,0.2988503479,0.3546557212,0.8969749667
13,GA,Georgia,2016,153.6666565,12.50430775,129.1582031,178.1750946,0.08137293905,159.3036804,12.86889553,134.0806427,184.5267181,0.08078216016,0.7810739279,0.03199461102,0.7183644772,0.843783319,0.04096233845,0.8031442761,0.03249517828,0.739453733,0.8668348193,0.04045995325,0.4705505371,0.04509662092,0.3821611702,0.5589399338,0.09583799541,196.7376556,0.05664095283,-0.6299120771,-0.802421812,-0.6140590884,0.2790187687,0.8543240428,0.842446506,0.8215638399,-0.7626270056,-1.189311624,0.06220239773,0.09118853106,-0.4417641231,-0.9815684335,0.2692723566,0.07452964726,0.377720752,0.5068265466
13,GA,Georgia,2017,153.2100677,14.13805389,125.4994812,180.9206543,0.09227888286,159.5042114,14.27045345,131.5341187,187.4743042,0.08946756274,0.7343155742,0.03817436099,0.6594938636,0.8091373444,0.05198631436,0.7469676137,0.03809465095,0.6723020673,0.8216331005,0.05099907145,0.4376788139,0.03648309782,0.3661719561,0.5091856718,0.08335586637,208.6433563,0.05809346586,-0.4446753512,-0.5664555647,-0.5891599032,0.3004569585,0.8822599649,0.8590244055,0.8031563163,-0.1770880967,-0.8193278909,-0.3376100659,0.09715368851,-0.3528205931,-0.8069856798,0.2888778112,0.0777421902,0.378481597,0.55133704
13,GA,Georgia,2018,149.237381,15.90786648,118.0579605,180.4167938,0.1065943837,165.5452576,16.76613617,132.6836395,198.4068909,0.1012782604,0.744743526,0.03479768336,0.6765400767,0.8129469752,0.04672438279,0.7755537033,0.03498611599,0.7069809437,0.8441265225,0.04511114582,0.4334438443,0.03892733902,0.3571462631,0.5097414255,0.08980941027,200.387619,0.05906515568,-0.2655777757,-0.3383097552,-0.572503058,0.3345632728,0.8944077492,0.8679053187,0.8070454001,0.07753031701,-0.6211246848,-0.2531389594,0.2768555317,-0.2113190938,-0.6969471068,0.3012350241,0.07989128985,0.4014022398,0.5943723582
13,GA,Georgia,2019,165.1000977,13.70670033,138.2349548,191.9652252,0.08302055299,175.5091705,14.56990147,146.9521637,204.0661774,0.08301503956,0.788238883,0.03925009072,0.7113087177,0.8651691079,0.04979466647,0.8121919036,0.03761941567,0.7384578586,0.8859259486,0.04631838575,0.4945270717,0.04316126928,0.409931004,0.5791231394,0.0872778669,209.4543915,0.06937976927,0.001976283888,0.002517513643,-0.395688484,0.3999660737,0.9076562524,0.8773565292,0.8215039968,0.3552198708,-0.4101936221,0.06090260297,0.5732501433,0.06002639098,-0.4397788853,0.3301147375,0.1027042616,0.4392068327,0.658662866
13,GA,Georgia,2021,146.4829254,12.85691261,121.2833786,171.6824799,0.08777072281,164.0180969,14.9538002,134.7086487,193.3275452,0.09117165208,0.7491608262,0.0433646068,0.6641662121,0.8341554403,0.05788423866,0.7836334705,0.04102203995,0.7032303214,0.8640366793,0.05234850198,0.4993643761,0.04700677469,0.4072310925,0.5914976597,0.09413322061,195.5293427,0.1834148467,0.6616448959,0.8428450785,1.559117043,0.5970744047,0.9314111471,0.9227518439,0.843049705,0.8531241417,0.6029339433,0.5288766026,0.2314273763,0.8777964992,1.540032931,0.5524454654,0.3549172002,0.3956079613,0.817174496
13,GA,Georgia,2022,153.6195526,18.95552826,116.4667206,190.7723846,0.1233926788,156.9265594,19.043396,119.6015015,194.2516174,0.1213522926,0.7791355252,0.03855477273,0.7035681605,0.8547028899,0.04948403686,0.7877267599,0.03771431744,0.7138067484,0.861646831,0.04787740856,0.4760012627,0.05092070624,0.3761966825,0.5758058429,0.1069759876,197.1666718,0.161972791,0.808311065,1.029677713,1.191554272,0.5656052762,0.943190217,0.9352958202,0.8390512466,1.100014329,0.8828889728,0.4420298934,0.02047676856,0.7472362513,1.486448678,0.5464280116,0.3074935127,0.3687015955,0.8524168785
13,GA,Georgia,2023,126.8949814,15.6159935,96.28762817,157.5023193,0.1230623424,138.9119263,16.55370712,106.4666595,171.357193,0.1191669255,0.7038764954,0.04866851121,0.6084862351,0.7992667556,0.06914354116,0.7432309985,0.0462503545,0.6525803208,0.8338816762,0.06222877651,0.443030417,0.04917968065,0.3466382325,0.5394225717,0.1110074595,180.2801819,0.1520257294,0.9227726956,1.175486171,1.021040328,0.5205658682,0.9488147497,0.9478027821,0.8365818858,1.217904925,1.162017941,0.38839522,-0.5154010761,0.560375141,1.637140866,0.5633505815,0.2854934608,0.3003513524,0.8799208393
15,HI,Hawaii,2016,182.2249451,32.0320015,119.442215,245.0076752,0.175782755,188.2313995,31.12862778,127.2192841,249.243515,0.1653742641,0.9448447824,0.03789456189,0.8705714345,1.019118071,0.04010665417,0.9587594271,0.03359718993,0.8929089308,1.024609923,0.0350423567,0.5729954839,0.1275839508,0.3229309916,0.8230600357,0.2226613313,192.8623047,0.05173484236,0.03704401851,0.04718901006,-0.6981603323,0.4096591831,0.8553232551,0.8789800406,0.8751812577,-0.7416834235,-0.3739602864,1.226775765,0.951695854,0.1002415106,-0.7285181174,0.2976896337,0.06367873572,0.4874768939,0.6670892845
15,HI,Hawaii,2017,142.0394897,39.44109726,64.73493958,219.3440399,0.2776769698,216.294281,75.7753067,67.77467346,364.8139038,0.3503343165,0.8412650228,0.08109775186,0.6823134422,1.000216603,0.09639976919,0.8789545298,0.07355418056,0.7347883582,1.023120761,0.08368371427,0.4959464371,0.1469990164,0.2078283876,0.7840645313,0.2964009643,168.8403625,0.04051163793,0.04859917363,0.06190869686,-0.8905501001,0.4624539997,0.8753801584,0.8752049208,0.8613011837,-0.3212893307,-0.4582129717,0.9252998233,1.786477017,0.319278538,-1.105222414,0.2553861481,0.03885622115,0.5939517109,0.6698658703
15,HI,Hawaii,2018,86.60403442,24.03164482,39.50201035,133.7060547,0.2774887383,91.26907349,24.28971291,43.66123581,138.8769073,0.2661330104,0.4704641104,0.1234835014,0.2284364551,0.7124918103,0.2624716759,0.525801301,0.1247273833,0.2813356519,0.7702670097,0.2372139096,0.2780948877,0.09855634719,0.08492443711,0.471265316,0.3543982804,184.0821228,0.05357541889,0.3860200346,0.4917367124,-0.6666089075,0.2161735311,0.9091518521,0.8837388158,0.8665473461,0.3865677714,-0.2677544653,1.039246798,-1.932623898,-0.7024986976,0.4858767427,0.4340648644,0.06774956398,0.1195871626,0.7509446569
15,HI,Hawaii,2019,156.1078796,44.62668228,68.63957977,243.5761871,0.2858707905,156.8163452,44.62385941,69.35358429,244.2791138,0.2845612764,0.7409530282,0.1273952723,0.4912582934,0.9906477332,0.1719343364,0.7409530282,0.1273952723,0.4912582934,0.9906477332,0.1719343364,0.4951508045,0.1536211222,0.1940534264,0.7962481976,0.3102511764,210.685257,0.04787020385,0.4917992651,0.6264849809,-0.7644085156,0.3757982933,0.8991276026,0.9083943963,0.8654969931,0.176458776,0.2825060189,1.016433001,0.01719824686,-0.04024176263,-0.09133244291,0.3692448965,0.05513126194,0.368283426,0.7763623257
15,HI,Hawaii,2021,117.5009537,24.86078644,68.77380371,166.2280884,0.2115794569,153.0580597,28.01591301,98.14687347,207.9692535,0.1830410659,0.8451193571,0.06248148531,0.7226555943,0.9675830603,0.07393214852,0.9154119492,0.04659122974,0.8240931034,1.006730795,0.05089646578,0.4614880681,0.1145233363,0.2370223254,0.6859537959,0.248161003,139.0347443,0.1028449312,1.002921899,1.277585292,0.1779760846,0.4948427649,0.9441372752,0.9360699058,0.8642218113,1.119864702,0.9001649618,0.9887360334,-0.09459875314,0.4536542078,1.013309292,0.4932949698,0.1767196174,0.3540239223,0.8991798743
15,HI,Hawaii,2022,153.7132568,39.56533813,76.16519928,231.261322,0.2573970258,173.3564148,38.58382034,97.73213196,248.9806976,0.2225693166,0.838603735,0.08780530095,0.6665053964,1.010702133,0.1047041565,0.8869527578,0.0880772844,0.7143213153,1.05958426,0.09930323809,0.4421497285,0.1424208879,0.1630047709,0.7212946415,0.3221100867,183.2966461,0.09966593981,0.862104853,1.09820364,0.123481362,0.5245647498,0.9352331758,0.9384633303,0.8509052396,0.9332341552,0.9535810947,0.6994993091,0.5092125304,0.576965844,0.6686563091,0.4545908122,0.1696885988,0.4310389518,0.8653429763
15,HI,Hawaii,2023,106.6952896,50.43236923,7.847839355,205.5427399,0.4726766646,116.4599152,50.03256607,18.39608955,214.5237427,0.4296118915,0.7736532092,0.1119538099,0.5542237163,0.9930827022,0.1447080076,0.8344305158,0.09739236534,0.6435415149,1.025319576,0.1167171672,0.2960935831,0.1317621768,0.03783972934,0.5543474555,0.445001781,137.9109955,0.08476756513,1.210491319,1.542000336,-0.1319086972,0.4037209997,0.947676599,0.9604474306,0.8644275665,1.19404912,1.444219828,0.9932050109,-1.183276753,0.07560496224,1.322296462,0.5279938952,0.13673766,0.2151650262,0.949056686
16,ID,Idaho,2016,108.7508316,17.4551506,74.53873444,142.9629211,0.1605059057,112.4639816,18.84725952,75.52335358,149.4046173,0.1675848514,0.7908238173,0.05347132683,0.6860200167,0.8956276178,0.06761471927,0.7973402739,0.05370460451,0.692079246,0.9026012421,0.06735468656,0.37275967,0.09336101264,0.1897720993,0.5557472706,0.2504589856,137.5158844,0.06120798737,-1.424318194,-1.814386526,-0.5357703323,0.09205808874,0.8162104487,0.8250997066,0.766443789,-1.561490655,-1.576455593,-1.135008335,-1.302143022,-1.217433293,-1.183622348,0.2465819203,0.08463061995,0.20000385,0.3159388703
16,ID,Idaho,2017,165.6484222,50.04212189,67.56587219,263.7309875,0.3020983636,176.3955994,52.63358307,73.23377228,279.5574341,0.2983837724,0.7668726444,0.0780017674,0.6139891744,0.9197561145,0.1017141044,0.7668726444,0.0780017674,0.6139891744,0.9197561145,0.1017141044,0.4427236617,0.1093367413,0.2284236401,0.6570236683,0.2469638586,216.005127,0.06015095115,-0.9088267485,-1.157720946,-0.5538901976,0.29615609,0.8501066566,0.8595398068,0.7695458531,-0.8510237336,-0.8078252673,-1.067631245,0.5996185721,-0.3706641905,-1.339308192,0.2290985682,0.0822927585,0.4425700778,0.4398061998
16,ID,Idaho,2018,86.70320892,16.24702644,54.85903931,118.5473785,0.1873866767,110.0177536,23.02579498,64.8871994,155.1483154,0.209291622,0.6311177611,0.09173839539,0.4513104856,0.8109250069,0.1453586072,0.7192322612,0.08627196401,0.5501392484,0.8883253336,0.119950071,0.3396934271,0.07916882634,0.1845225394,0.4948643446,0.2330596298,137.3804016,0.06211259961,-0.4783896372,-0.6094029528,-0.5202633405,0.1842705496,0.8814359307,0.8964004517,0.7608900666,-0.1943599135,0.01482650172,-1.2556355,-1.374910499,-0.8348589309,-0.3346945085,0.3419155995,0.08663136321,0.1907224908,0.5432358414
16,ID,Idaho,2019,154.8671875,17.28424644,120.9900589,188.7443085,0.1116069108,160.4755707,17.08460426,126.9897461,193.9613953,0.1064623371,0.82305336,0.04249394685,0.7397652268,0.9063414931,0.05162964016,0.8647085428,0.03468942642,0.7967172861,0.9326998591,0.04011690244,0.5216867328,0.08681176603,0.3515356481,0.6918377876,0.166405946,188.1617737,0.07448381186,-0.2390702069,-0.3045427389,-0.3081942594,0.346395412,0.8936530352,0.91881603,0.7591229677,0.06171146035,0.5150948763,-1.294016957,0.1260485263,-0.1622294907,-0.4509825899,0.3288565736,0.1139929423,0.3821670809,0.6007418562
16,ID,Idaho,2021,118.7795105,21.67855453,76.28954315,161.2694855,0.1825108975,121.6705475,21.34250832,79.83922577,163.5018616,0.1754122823,0.7591658235,0.09824341536,0.566608727,0.9517228603,0.1294097006,0.7954444289,0.09709420055,0.605139792,0.9857490659,0.1220628321,0.3613694906,0.0998801887,0.1656043231,0.5571346879,0.2763935328,156.4605713,0.1350211799,0.3827964465,0.4876303022,0.7295459198,0.4006747045,0.9238043427,0.9358167052,0.7984510064,0.6936849952,0.8945140243,-0.43980968,-1.02827707,0.0629663839,1.135362528,0.5070014163,0.2478842663,0.2349349534,0.7501700616
16,ID,Idaho,2022,165.4924927,31.23424911,104.2733688,226.7116241,0.1887351424,169.0796967,31.73422623,106.8806152,231.2787781,0.1876879781,0.7770236731,0.08892283589,0.6027349234,0.9513124228,0.1144403219,0.8213665485,0.0796880424,0.6651779413,0.9775550961,0.09701886028,0.4333662987,0.08249812573,0.2716699839,0.5950626135,0.1903658062,212.9825592,0.1293103099,0.5700561702,0.7261735719,0.631649373,0.5252813546,0.9327172637,0.9500314593,0.8011084795,0.8805004358,1.211757302,-0.3820892274,0.3819938146,0.5799389198,0.7952934176,0.4688120227,0.2352534571,0.4148124363,0.7951666607
16,ID,Idaho,2023,122.0743256,34.2714119,54.90235901,189.2462921,0.2807421684,130.8232269,34.15589142,63.87767792,197.7687836,0.2610843182,0.7345446348,0.09447601438,0.5493716598,0.9197176099,0.1286184788,0.773232758,0.09148719907,0.5939178467,0.9525476694,0.1183178052,0.4161805212,0.09705356508,0.2259555459,0.6064054966,0.2332006395,166.1904907,0.1364908665,0.5703291893,0.7265213609,0.7547394972,0.4437669244,0.9373677373,0.9596887827,0.7867352962,0.9779747128,1.427288413,-0.694275558,-0.756014067,0.2417489303,1.229743229,0.5176002671,0.2511347923,0.2696616036,0.7952322644
17,IL,Illinois,2016,133.3059998,9.227664948,115.21978,151.3922272,0.0692216754,142.9934692,8.924563408,125.5013199,160.485611,0.0624123849,0.7910346985,0.02633520029,0.7394176722,0.8426516652,0.03329209238,0.8205717206,0.02495366707,0.7716625333,0.8694809079,0.03041009977,0.4396484792,0.0340170376,0.3729750812,0.5063218474,0.07737325877,168.5210571,0.05019414797,-0.6115738365,-0.7790614021,-0.7245711347,0.2330357197,0.8469169736,0.8531458378,0.8202508092,-0.9178797007,-0.950525105,0.03368329629,-0.3939881987,-0.6325402452,-0.889432306,0.2796191442,0.0602711609,0.3158373438,0.5112330386
17,IL,Illinois,2017,152.7862854,9.695713997,133.7826843,171.7898865,0.06345932186,164.3269653,9.189470291,146.3155975,182.3383179,0.05592186749,0.8041040301,0.03172466904,0.7419236898,0.8662843704,0.03945343941,0.8317813873,0.02991077863,0.7731562257,0.8904064894,0.03595990688,0.5533405542,0.0394301936,0.4760573506,0.6306236982,0.07125846297,190.0081177,0.04985825717,-0.3020458743,-0.3847651237,-0.7303290226,0.3152388447,0.8763959408,0.8668751121,0.8204485178,-0.2999984622,-0.6441166997,0.037977539,0.2406152257,-0.2914929735,-0.8225570834,0.2871291594,0.05952826663,0.3967798548,0.5856094465
17,IL,Illinois,2018,183.3822937,14.37279129,155.2116241,211.5529633,0.07837611437,190.8096771,14.68925858,162.0187378,219.6006317,0.07698381692,0.8228058815,0.03311133012,0.757907629,0.8877040744,0.04024197161,0.84267205,0.03251736984,0.7789379954,0.9064061046,0.03858840466,0.5819526911,0.04469297454,0.4943544865,0.6695509553,0.07679829001,222.8743134,0.051063288,-0.1616520969,-0.205922658,-0.7096722127,0.3945603276,0.8890063167,0.8814592957,0.812685132,-0.03568409011,-0.3186285496,-0.1306436509,1.028391384,0.03759883774,-0.9313466711,0.2749122062,0.06219344978,0.4972592691,0.6193446374
17,IL,Illinois,2019,133.6809082,10.51199913,113.0773926,154.2844238,0.07863500714,142.8457794,11.06293678,121.1624222,164.5291443,0.07744672149,0.7520576119,0.03123499826,0.6908370256,0.8132781982,0.04153272137,0.7738847136,0.03130679578,0.7125234008,0.8352460265,0.04045408219,0.3792262077,0.03832994401,0.3040995002,0.4543528855,0.1010740921,177.7535553,0.05320627987,-0.01298213502,-0.01653746564,-0.672936741,0.298095338,0.9008507133,0.8885391355,0.814514935,0.2125753015,-0.1606214792,-0.09090022743,-0.3983814995,-0.3626185687,-0.3371907442,0.3416352749,0.06693313417,0.3152769863,0.6550685108
17,IL,Illinois,2021,156.347168,15.49950981,125.9681244,186.7261963,0.0991352126,164.0432434,15.42334652,133.8134766,194.272995,0.09402000904,0.7769623399,0.03515678272,0.708055079,0.8458696604,0.04524901509,0.7901959419,0.03384914622,0.7238516212,0.8565402627,0.04283639789,0.5129832625,0.03867607564,0.4371781349,0.5887883902,0.07539442182,201.2287445,0.1922450811,0.5996590753,0.7638836232,1.710486178,0.6029520139,0.9321631789,0.9245046973,0.8319613338,0.8688867688,0.6420539021,0.2880365551,0.232175404,0.902181735,1.587374583,0.5577618818,0.3744471503,0.3957033709,0.8022799364
17,IL,Illinois,2022,115.2130737,9.192653656,97.19547272,133.2306824,0.07978828251,124.1206284,9.335646629,105.8227539,142.4184875,0.07521430403,0.6421513557,0.03915379569,0.5654098988,0.7188927531,0.06097284704,0.6644940972,0.03893495351,0.5881815553,0.7408065796,0.0585933812,0.3940838277,0.04097925872,0.3137644827,0.4744031727,0.1039861441,179.4173279,0.1576528698,0.6757105341,0.8607627772,1.117501569,0.4676790597,0.9376743436,0.9381116033,0.8231658936,0.984401226,0.9457312822,0.09699909389,-0.9553949837,0.3409564543,1.624503738,0.5619314457,0.2979390841,0.2442309308,0.8205543252
17,IL,Illinois,2023,134.0818634,12.93161678,108.7358856,159.4278259,0.09644568712,146.9415741,13.40783119,120.6622314,173.220932,0.09124600142,0.7231301665,0.03802057356,0.6486098766,0.797650516,0.05257777125,0.77616328,0.03532676026,0.7069228292,0.8454037309,0.04551459476,0.5327433348,0.04289131984,0.4486763477,0.6168103218,0.08051028848,185.4187012,0.1399286985,0.7112220923,0.9059996442,0.8136713026,0.5014441062,0.9468998313,0.9461612701,0.8108968735,1.177768111,1.1253829,-0.1694847345,-0.2765446793,0.4810420892,1.242310238,0.5190115286,0.2587382923,0.3308170508,0.82908739
18,IN,Indiana,2016,159.756546,15.02518272,130.3071899,189.2059021,0.09405049682,168.4996033,15.60729027,137.909317,199.0899048,0.09262508154,0.7439987659,0.04278361425,0.6601428986,0.8278546333,0.05750495195,0.7524086237,0.04300899431,0.6681110263,0.8367062807,0.05716174841,0.5640807152,0.05590315908,0.45451051,0.6736509204,0.09910489619,214.7268982,0.03814822435,-1.290679375,-1.644148953,-0.9310640719,0.207899801,0.81273669,0.8277512789,0.7855297923,-1.634300828,-1.517278075,-0.7204592228,0.3647378878,-0.7368250456,-1.847865957,0.1719880807,0.03362902706,0.4126114743,0.3480509136
18,IN,Indiana,2017,139.5791931,14.86597633,110.4418793,168.716507,0.1065056771,144.962616,14.48314953,116.5756378,173.3495789,0.09990955889,0.7407069802,0.04889762029,0.6448676586,0.8365463614,0.06601478904,0.8125736713,0.03443945944,0.7450723052,0.8800749779,0.04238318279,0.3906568587,0.048755005,0.2950970531,0.4862166643,0.1248026267,188.4404907,0.04249604791,-0.8752868374,-1.114995688,-0.8565330616,0.2001493553,0.847178638,0.8463036418,0.7906044722,-0.9123951793,-1.10322845,-0.6102368832,-0.335412368,-0.7689803724,-1.223154944,0.2421424525,0.04324516783,0.3233085843,0.4478654978
18,IN,Indiana,2018,166.0665131,17.75385094,131.2689667,200.8640594,0.1069080755,174.8186798,17.2916317,140.9270782,208.7102814,0.09891180694,0.7803849578,0.0381899178,0.7055327296,0.855237186,0.04893727973,0.8126371503,0.03465948999,0.7447045445,0.880569756,0.04265063629,0.4836402535,0.05562455952,0.3746161163,0.5926644206,0.1150122657,212.8007507,0.03848325089,-0.6379134456,-0.8126144608,-0.9253209994,0.2902722996,0.877733469,0.8591225147,0.7807333469,-0.2719637752,-0.8171383142,-0.8246382475,0.5527102479,-0.3950750708,-1.339031521,0.229129638,0.03437000982,0.4365870065,0.5049038995
18,IN,Indiana,2019,148.9918823,15.69941139,118.2210388,179.7627411,0.1053709164,159.1239777,15.76728916,128.2200928,190.0278625,0.09908808023,0.7788416743,0.04549191892,0.6896774769,0.8680058122,0.05840971321,0.8325250149,0.04671677575,0.7409601212,0.9240899086,0.05611455813,0.4821478128,0.04502189904,0.3939048946,0.5703907013,0.09337779135,191.2993317,0.04191170633,-0.4998526325,-0.6367438724,-0.8665499282,0.2716144038,0.8939891458,0.8681645393,0.7748246789,0.06875635684,-0.6153393984,-0.9529748559,0.0858429475,-0.4724836177,-1.036265324,0.2631299549,0.04195277156,0.3770389326,0.5380785028
18,IN,Indiana,2021,159.3143311,18.00475883,124.0250015,194.603653,0.1130140573,168.766983,17.5057888,134.4556274,203.0783234,0.1037275791,0.7544896007,0.03894627839,0.6781548858,0.8308243155,0.05161936954,0.7855604291,0.03590055928,0.7151953578,0.85592556,0.04570056871,0.5438643098,0.04860928655,0.4485901296,0.6391385198,0.08937759697,211.1550903,0.1218074411,0.2206079165,0.2810243034,0.5030341287,0.4784355431,0.9233856201,0.9165965915,0.7962025404,0.6849085689,0.4655616879,-0.4886465073,0.3726915823,0.3855833381,0.4108380808,0.4256381037,0.2186592597,0.4136259535,0.7111978144
18,IN,Indiana,2022,146.3782501,13.38761902,120.1385193,172.617981,0.09145907313,155.9298401,13.67223263,129.1322632,182.727417,0.08768195659,0.7971258759,0.05077958852,0.6975979209,0.8966538906,0.06370335072,0.8581931591,0.04379023239,0.7723642588,0.9440219998,0.05102608353,0.4726192057,0.05147951469,0.3717193604,0.5735190511,0.1089238748,183.6325378,0.1047975346,0.369184951,0.4702911191,0.211447891,0.4395343932,0.934111774,0.9270573258,0.7956246734,0.9097294807,0.6990231872,-0.5011978149,-0.00917245145,0.2241888529,0.4624939502,0.4314390021,0.1810382172,0.3649198915,0.7468993583
18,IN,Indiana,2023,155.8519897,18.38512993,119.8171387,191.8868408,0.1179653183,166.7440643,18.25803757,130.958313,202.5298309,0.1094973683,0.6946706176,0.06647566706,0.5643783212,0.8249629736,0.09569378942,0.7524484396,0.06368324906,0.6276292801,0.8772675991,0.08463470638,0.5330269933,0.0728129521,0.3903135955,0.6757403612,0.1366027594,224.3537903,0.103244774,0.4177735448,0.5321863403,0.1848302478,0.4682144253,0.9378654361,0.9356421828,0.7898923159,0.988406539,0.8906190395,-0.6257049441,0.312516207,0.3431775984,0.3871283558,0.4229755272,0.1776039553,0.405950694,0.7585747011
19,IA,Iowa,2016,143.7949829,15.14390087,114.1129379,173.4770203,0.1053159237,151.0758362,14.63333416,122.3945084,179.7571716,0.09686084837,0.8205287457,0.06594108045,0.6912841797,0.949773252,0.08036413789,0.854616344,0.04738598317,0.7617397904,0.9474928379,0.05544708297,0.4598453045,0.05447075889,0.3530825973,0.5666079521,0.1184545308,175.2467346,0.04718290642,-1.15237687,-1.467970482,-0.7761902661,0.1928554854,0.8174774051,0.8441567421,0.7832004428,-1.534935117,-1.151142716,-0.7710527778,-0.1535635765,-0.7992414415,-1.46482504,0.2150031618,0.05361115681,0.3465030665,0.381283593
19,IA,Iowa,2017,163.5157623,14.24816227,135.5893555,191.4421539,0.08713632077,171.0331421,13.33419991,144.8981171,197.1681824,0.07796266675,0.8623206615,0.03123860992,0.8010929823,0.9235483408,0.03622620925,0.8799791336,0.03153251857,0.8181753755,0.9417828918,0.03583325446,0.4701456428,0.03512283787,0.4013048708,0.5389863849,0.07470629364,189.6229248,0.05069928616,-0.7613161405,-0.9698126118,-0.715911984,0.2854197897,0.8512511253,0.8579708934,0.7904278636,-0.8270355463,-0.8428400755,-0.6140727997,0.440102582,-0.4152073379,-1.270862869,0.236784904,0.06138838193,0.4222241038,0.4752514923
19,IA,Iowa,2018,173.0314636,24.48075485,125.0491791,221.0137329,0.1414815336,183.9988861,24.75350189,135.4820099,232.5157471,0.1345307231,0.7090981007,0.05508671701,0.601128161,0.8170681,0.07768560201,0.7446207404,0.05319965631,0.6403493881,0.8488920331,0.07144530863,0.4725326598,0.05923059583,0.3564406931,0.5886246562,0.1253470927,244.0162354,0.05219626054,-0.5787133674,-0.73720166,-0.6902506362,0.3371581431,0.8765553236,0.8699373007,0.778934598,-0.2966577709,-0.5757751465,-0.8637071848,0.8257920873,-0.200553403,-1.215511602,0.2430007916,0.06469926062,0.4714180978,0.5191290737
19,IA,Iowa,2019,143.1947632,12.78450203,118.1371384,168.2523956,0.08928051591,154.7625122,13.75936699,127.7941513,181.7308655,0.08890633285,0.8521587849,0.04031765833,0.7731361985,0.9311813712,0.04731237516,0.9063417912,0.02475163713,0.8578286171,0.9548550248,0.0273093842,0.4342613518,0.0761590153,0.2849896848,0.583532989,0.1753759831,168.0376587,0.06027771905,-0.4449675394,-0.5668277724,-0.5517171242,0.29210282,0.8913034797,0.8832714558,0.7694744468,0.012464609,-0.2781849504,-1.069182277,-0.04389673046,-0.3874805424,-0.7386081637,0.2965565324,0.08257313281,0.360490873,0.5512668301
19,IA,Iowa,2021,128.0192413,17.91655159,92.90280151,163.1356812,0.1399520189,136.9682007,18.61573601,100.4813614,173.4550476,0.1359128356,0.6548687816,0.05290759727,0.5511699319,0.7585676908,0.08079114556,0.6925368905,0.0510304831,0.5925171375,0.7925566435,0.07368630171,0.3873009086,0.0501090996,0.2890870869,0.48551476,0.1293802708,195.4883881,0.1400503218,0.342880552,0.4367829134,0.8157561861,0.4400768611,0.9243870974,0.9176704884,0.8110210896,0.7058995962,0.489528805,-0.1667867452,-0.573220709,0.2264394635,1.017705754,0.4937886877,0.2590072882,0.2929765635,0.7405786799
19,IA,Iowa,2022,145.7647705,26.86753464,93.10440063,198.4251404,0.1843211949,156.3465729,30.64105415,96.29010773,216.4030457,0.1959816068,0.7088028193,0.07839395106,0.5551506281,0.8624549508,0.1106005087,0.7554348707,0.08864807338,0.581684649,0.9291850924,0.1173470765,0.49923563,0.08163580298,0.3392294347,0.6592417955,0.1635216027,205.6492462,0.103849858,0.4968482554,0.6329167037,0.1952026839,0.4522911322,0.935041368,0.9322490692,0.807025969,0.9292138219,0.8148919344,-0.2535609901,0.003224019023,0.2771144689,0.5579511707,0.4421587448,0.1789422279,0.3665010387,0.7775755465
19,IA,Iowa,2023,119.928627,14.7954874,90.92947388,148.9277802,0.1233691052,129.2507324,15.29721832,99.26818848,159.2332916,0.1183530465,0.6457418203,0.05745815858,0.5331238508,0.7583598495,0.0889800787,0.7246845961,0.05367047712,0.6194905043,0.8298787475,0.07406046242,0.4379891753,0.05588212237,0.3284602165,0.5475181341,0.1275879145,185.7222443,0.1032307222,0.481817464,0.6137695318,0.1845893699,0.3851417521,0.9394581318,0.9361320138,0.796697855,1.021789551,0.9015510678,-0.4778882265,-0.8027907601,-0.001477286102,0.7872399186,0.4679076234,0.1775728768,0.2636953216,0.7739638008
20,KS,Kansas,2016,141.8193512,16.00141907,110.4565735,173.1821289,0.1128295809,150.8437805,18.17757034,115.2157364,186.471817,0.1205059439,0.7824469805,0.05484030023,0.6749599576,0.8899339437,0.07008820027,0.7908152938,0.05524547026,0.6825341582,0.8990964293,0.06985887885,0.4510715604,0.05765051022,0.3380765617,0.5640665889,0.1278079003,181.2510834,0.04125569761,-0.9291600188,-1.183622751,-0.8777953231,0.2069831239,0.8384158611,0.8427267671,0.7952949405,-1.096063614,-1.183056831,-0.508359611,-0.1604664919,-0.7406281885,-1.337945646,0.2292515806,0.04050186811,0.3456226122,0.4349203226
20,KS,Kansas,2017,131.1723785,18.80365372,94.3172226,168.0275421,0.1433506906,141.782135,20.48643494,101.6287231,181.9355469,0.144492358,0.7517596483,0.05766240135,0.638741374,0.8647779822,0.07670323551,0.7886868715,0.05865225196,0.673728466,0.903645277,0.07436697185,0.4208757579,0.08266998827,0.2588425875,0.5829089284,0.1964237392,174.4871216,0.04759201035,-0.4465962847,-0.5689025712,-0.7691773483,0.2434417946,0.8638404608,0.8644051552,0.8151371479,-0.5631622076,-0.6992409229,-0.07738572359,-0.4300215261,-0.5893671485,-0.7657346748,0.2935102545,0.05451597756,0.3112413585,0.5508754593
20,KS,Kansas,2018,152.8058472,25.07646942,103.6559601,201.955719,0.1641067415,164.1231689,25.79840088,113.5583038,214.6880341,0.1571892649,0.7689213157,0.07898756862,0.6141057014,0.9237369299,0.1027251631,0.7925534248,0.07686646283,0.641895175,0.9432116747,0.09698584676,0.4747019708,0.07834572345,0.3211443424,0.6282595992,0.1650419086,198.7275391,0.04648173228,-0.2705549883,-0.3446500432,-0.788209893,0.3133244055,0.8886014223,0.875382483,0.8042781353,-0.04417070374,-0.4542501569,-0.3132441044,0.2345529336,-0.2994356675,-0.832153465,0.2860514961,0.05206036039,0.3960066205,0.5931763848
20,KS,Kansas,2019,110.1249771,16.08703804,78.59438324,141.6555786,0.1460798234,115.9726944,16.67712784,83.28552246,148.6598663,0.1438022107,0.6492974162,0.06350303441,0.5248314738,0.7737634182,0.09780269116,0.6567703485,0.06457472593,0.5302038789,0.7833368182,0.0983216241,0.3796829581,0.07426776737,0.2341181487,0.5252478123,0.195604682,169.606369,0.05046859384,-0.2351691425,-0.2995733166,-0.7198665447,0.2073587062,0.8977288008,0.8790819645,0.7965563536,0.1471397877,-0.3716855645,-0.4809616506,-1.197770015,-0.7390699589,-0.312911967,0.3443617553,0.06087815656,0.2133164369,0.6016792422
20,KS,Kansas,2021,162.4252014,17.68508911,127.7624359,197.0879822,0.1088814363,174.368103,18.16570854,138.7633209,209.9729004,0.1041802317,0.7440088391,0.06044558808,0.6255354881,0.8624821901,0.08124309778,0.7904217839,0.05803856626,0.6766661406,0.9041773677,0.07342734188,0.5107459426,0.06508537382,0.3831785917,0.6383132339,0.1274319887,218.3108521,0.1374035031,0.3893473099,0.4959752059,0.7703840423,0.5305719564,0.9295256138,0.9195424914,0.8105568886,0.8136032224,0.5313079357,-0.1768692285,0.5393070266,0.6018887583,0.683343236,0.4562401382,0.253153283,0.43487745,0.7517441672
20,KS,Kansas,2022,140.1871796,21.01388359,98.99996185,181.3743896,0.1498987526,151.7838593,21.43875122,109.7639008,193.8038025,0.1412452757,0.7846053243,0.06179141998,0.6634941101,0.9057164788,0.07875478268,0.809702158,0.05997068062,0.6921596527,0.9272447228,0.07406511158,0.480309695,0.08265288919,0.3183100522,0.6423093677,0.1720824838,178.672226,0.1203339994,0.5704623739,0.7266910198,0.477776181,0.471623595,0.9303090572,0.9351619482,0.8187673092,0.830024302,0.8799012303,0.001461589243,-0.1325021497,0.3573216837,0.8520827846,0.4751894072,0.2154004285,0.3491894131,0.7952642673
20,KS,Kansas,2023,134.5900116,21.87317467,91.71859741,177.461441,0.1625170559,145.9895477,21.05090141,104.7297821,187.2493134,0.1441945732,0.6628142595,0.07351472974,0.5187253952,0.8069031239,0.1109130159,0.6827617288,0.07020497322,0.5451599956,0.820363462,0.1028250009,0.4405048192,0.05532597005,0.3320659399,0.548943758,0.1255967319,203.0584259,0.1049638912,0.5760113299,0.7337596306,0.2142995989,0.4371745541,0.9291104674,0.9385855794,0.8171725273,0.8049017191,0.9563094378,-0.03317716718,-0.3048644254,0.214398268,0.7343020145,0.461962754,0.1814061503,0.3272049187,0.7965976247
21,KY,Kentucky,2016,168.7081299,21.25694084,127.0445328,210.3717346,0.1259983182,175.3537903,21.82429695,132.5781708,218.1294098,0.1244586483,0.7452560067,0.06132343411,0.625062108,0.865449965,0.08228505403,0.786527276,0.06179239601,0.6654141545,0.9076403379,0.07856357843,0.4792449176,0.04673548043,0.3876433671,0.5708464384,0.0975189954,226.3760681,0.03637556359,-1.231941164,-1.569324507,-0.961451275,0.2278513763,0.8309931159,0.8093693852,0.7949129939,-1.25164485,-1.927523136,-0.5166555047,0.5686280767,-0.654049235,-1.880550754,0.1683176133,0.02970840903,0.4386172966,0.3621651059
21,KY,Kentucky,2017,155.0424042,20.76346016,114.3460159,195.7387848,0.1339211762,161.3023987,20.64822578,120.8318787,201.7729187,0.1280094087,0.7152110338,0.05350651592,0.6103382707,0.820083797,0.07481220365,0.7248476744,0.05322474986,0.6205271482,0.8291682005,0.0734288767,0.4288653135,0.05923294276,0.3127687275,0.5449618697,0.1381154954,216.7785339,0.04040401056,-0.9798541864,-1.248200185,-0.8923950636,0.2256175349,0.8657895923,0.8213883638,0.7838028073,-0.52230829,-1.65928483,-0.757969439,0.1506440206,-0.663317076,-1.487668696,0.2124378439,0.03861818024,0.3853041914,0.4227390319
21,KY,Kentucky,2018,192.5340424,33.98800659,125.9175491,259.1505432,0.1765298545,197.7208099,33.79683304,131.4790192,263.9625854,0.1709320992,0.720194459,0.05971748754,0.6031481624,0.8372407556,0.082918562,0.7566064,0.04920886457,0.6601570249,0.8530557752,0.06503891945,0.4939188957,0.07326189429,0.3503255546,0.637512207,0.1483277828,267.3361816,0.03887375444,-0.761401991,-0.9699219736,-0.9186269319,0.3329068969,0.8720027804,0.8520309925,0.7764938474,-0.3920794129,-0.9754061103,-0.9167204499,1.233975529,-0.2181911256,-1.651847789,0.1940007092,0.03523369187,0.5234811523,0.4752308633
21,KY,Kentucky,2019,129.6488037,17.18918228,95.95800781,163.3395996,0.1325826496,135.4490204,17.76470184,100.6301956,170.2678375,0.1311541647,0.6973132491,0.06850021333,0.5630528331,0.8315736651,0.09823449701,0.7110535502,0.06927551329,0.5752735138,0.8468335271,0.0974265784,0.4365891516,0.06031552702,0.3183706999,0.5548075438,0.1381516904,185.9262085,0.04172455892,-0.6370131175,-0.8114675659,-0.8697580357,0.2007361899,0.8791992664,0.8598324656,0.7787137032,-0.241240561,-0.8012937307,-0.8685050607,-0.6184114745,-0.7665456921,-0.9388756469,0.2740667104,0.04153885508,0.2872125637,0.5051202392
21,KY,Kentucky,2021,157.5895538,18.75628281,120.8272476,194.3518677,0.1190198287,162.2961731,18.77601242,125.4951935,199.0971527,0.1156897992,0.7486287355,0.05235140398,0.6460199952,0.8512374759,0.06992972642,0.7821571231,0.04783346131,0.6884035468,0.8759106994,0.0611558184,0.4469869435,0.07029175758,0.3092151284,0.5847588181,0.1572568417,210.5042877,0.1140611321,0.1643066754,0.2093042246,0.3702457966,0.4465394988,0.9223417044,0.901247263,0.8052053452,0.6630280018,0.1229970902,-0.2931050658,0.1802056378,0.2532518863,0.3331667595,0.4169156983,0.2015266422,0.3890747219,0.6976692012
21,KY,Kentucky,2022,165.5202332,31.48991394,103.8000031,227.2404633,0.1902481169,170.5332794,30.6763401,110.4076538,230.658905,0.1798847616,0.6482744813,0.06642363966,0.5180841088,0.7784647942,0.1024622172,0.7506382465,0.05759998038,0.637742281,0.8635342121,0.07673467696,0.4155011773,0.06618754566,0.2857735753,0.5452287793,0.159295693,255.3243256,0.1035933197,0.3520304263,0.4484386014,0.1908050663,0.4710219708,0.9313624501,0.9189193845,0.8042703271,0.8521034718,0.5174015164,-0.3134137094,0.4252332628,0.3548256435,0.2995303972,0.4131383711,0.1783748384,0.4203275492,0.7427773012
21,KY,Kentucky,2023,123.1327209,15.09581566,93.54492188,152.72052,0.1225979179,134.2678375,14.58375359,105.6836777,162.8519897,0.1086168811,0.7431396246,0.060621012,0.6243224144,0.8619567752,0.08157418668,0.7764721513,0.06211826205,0.6547203064,0.8982239366,0.08000063896,0.5113582611,0.06014676765,0.3934705853,0.6292459369,0.1176215783,165.6925812,0.09716001898,0.5769576654,0.7349651326,0.0805245105,0.3985088437,0.9409663081,0.9313824177,0.8132636547,1.053400993,0.795550108,-0.1180781052,-0.653547895,0.05398058269,0.7536800071,0.4641388816,0.1641462194,0.2827309772,0.7968250195
22,LA,Louisiana,2016,150.4956665,14.66232872,121.7574997,179.2338257,0.09742691368,154.3693542,15.09556293,124.7820435,183.9566498,0.09778860211,0.8438885212,0.04217349365,0.7612284422,0.9265485406,0.04997519776,0.8438885212,0.04217349365,0.7612284422,0.9265485406,0.04997519776,0.5003569722,0.07085839659,0.3614745438,0.6392394304,0.1416156739,178.3359528,0.0291510839,-1.645117005,-2.095654003,-1.085294334,0.125461806,0.8356311917,0.7773907781,0.7662276626,-1.154430509,-2.641217947,-1.139702559,-0.05559192501,-1.078846754,-2.126573832,0.1406894875,0.0137299286,0.3589991722,0.2628831712
22,LA,Louisiana,2017,179.749649,22.00876808,136.6124725,222.8868408,0.1224412248,192.6577301,22.76968956,148.029129,237.2863159,0.1181872711,0.8255033493,0.05787131935,0.7120755911,0.9389311671,0.07010427862,0.8325424194,0.05778981373,0.7192744017,0.9458104968,0.06941365451,0.5323608518,0.06079600379,0.4132006764,0.6515210271,0.1142007485,217.7455139,0.0330815725,-1.37500455,-1.751567689,-1.017917339,0.2500285001,0.8600480556,0.7953543663,0.761515379,-0.6426512599,-2.240308762,-1.242053628,1.083365062,-0.5620399886,-2.200902504,0.1323424579,0.02242304394,0.5042710616,0.3277884354
22,LA,Louisiana,2018,141.5279999,18.51385498,105.2408371,177.815155,0.1308140904,157.2136078,18.70802689,120.5458755,193.8813477,0.1189975068,0.6537581086,0.07116412371,0.5142764449,0.7932398319,0.1088539064,0.7014994621,0.0645249337,0.5750305653,0.827968359,0.09198144823,0.4136976898,0.07053839415,0.2754424512,0.5519529581,0.1705071032,216.4837189,0.03581969067,-1.005404159,-1.280747355,-0.9709801276,0.2069166493,0.8804762363,0.8202968836,0.7672225833,-0.2144751698,-1.683644414,-1.118092895,0.02901554058,-0.7409039807,-1.524545965,0.2082965665,0.02847897731,0.3697907003,0.4165996343
22,LA,Louisiana,2019,180.9248199,29.47672844,123.1504288,238.6992035,0.1629225314,188.0212555,29.56455421,130.0747375,245.9677887,0.1572404802,0.6550422907,0.07290060073,0.5121570826,0.7979274392,0.1112914458,0.7089621425,0.07451789081,0.5629070997,0.8550172448,0.1051084176,0.5202045441,0.06841395795,0.3861132264,0.6542959213,0.1315135658,276.2032776,0.0387369357,-0.8832125664,-1.125091982,-0.9209722981,0.2970698427,0.9024221897,0.8316232562,0.7512836456,0.2455135584,-1.430863738,-1.464287519,0.9454447394,-0.3668731803,-1.669243935,0.1920471408,0.034931088,0.4866795756,0.4459610261
22,LA,Louisiana,2021,132.1183624,13.75822258,105.1522446,159.0844727,0.1041355804,139.5339355,13.32184029,113.4231262,165.6447449,0.09547383338,0.7265424132,0.04877154157,0.6309502125,0.8221346736,0.06712827832,0.7749568224,0.04268271104,0.6912986636,0.8586149216,0.05507753789,0.4579489827,0.05623142794,0.3477353752,0.5681625605,0.1227897257,181.8453522,0.08341358602,-0.05434223016,-0.06922456853,-0.1551187998,0.3275505126,0.9370473623,0.876796484,0.7859379649,0.9712596536,-0.4226926565,-0.7115936875,-0.4968982852,-0.2404138845,0.003281781113,0.3798699716,0.1337430459,0.3027113497,0.6451301023
22,LA,Louisiana,2022,136.6531372,23.48056412,90.63122559,182.6750336,0.1718260199,141.5625,24.20598412,94.11876678,189.0062256,0.1709915102,0.6440354586,0.08129581064,0.484695673,0.8033752441,0.1262287796,0.7161875963,0.08346906304,0.5525882244,0.8797869682,0.1165463701,0.3790316582,0.06158414111,0.2583267391,0.4997365773,0.1624775678,212.1826172,0.08110074699,-0.04168699682,-0.05310353256,-0.1947658156,0.3305085584,0.9445182681,0.8882814646,0.7686753273,1.127850294,-0.1663721353,-1.086539149,-0.4365549667,-0.2281414383,-0.03093466087,0.3760275022,0.1286277082,0.31040803,0.6481710256
22,LA,Louisiana,2023,150.0482941,22.8162384,105.3284607,194.7681122,0.1520593017,174.3707123,23.53989983,128.2325134,220.5089111,0.134999156,0.6764343381,0.06054706126,0.557762146,0.7951065898,0.08950914443,0.7863240242,0.05900624767,0.670671761,0.9019762874,0.07504062355,0.5011188984,0.06623118371,0.3713057935,0.6309320331,0.1321665943,221.8223877,0.08068415523,0.2098159393,0.2672768008,-0.2019070909,0.4340861013,0.9496741891,0.9146092534,0.7713852525,1.23591876,0.4212085009,-1.027679443,0.5393846436,0.2015847845,-0.120634444,0.3659543134,0.1277063265,0.4348873499,0.7086046125
23,ME,Maine,2016,83.26546478,12.75192928,58.27167892,108.2592392,0.1531478763,91.92311096,13.2212925,66.00938416,117.8368454,0.143829897,0.7389340997,0.07813525945,0.5857890248,0.8920792341,0.1057405025,0.808645308,0.07873387635,0.6543269157,0.9629637003,0.09736515582,0.3032674193,0.1104061753,0.08687130362,0.5196635127,0.3640555143,112.683197,0.05447264388,-1.141697327,-1.454366205,-0.6512285489,0.06261503067,0.7441305518,0.8506736159,0.8487597108,-3.072290421,-1.005699873,0.6528983116,-1.91316837,-1.339587708,-0.827856624,0.2865340267,0.06973396875,0.1220686797,0.3838497781
23,ME,Maine,2017,108.1736832,24.69540787,59.77068329,156.5766754,0.2282940447,112.5464249,25.15006828,63.25228882,161.8405609,0.2234639525,0.7399439812,0.102015689,0.5399932265,0.9398947358,0.1378694773,0.7399439812,0.102015689,0.5399932265,0.9398947358,0.1378694773,0.4284545779,0.1820439845,0.0716483444,0.7852607965,0.4248851538,146.1917114,0.06301371753,-0.6450927059,-0.8217598562,-0.5048162488,0.1744935168,0.8049277067,0.8688022494,0.8400538564,-1.797977686,-0.6011070609,0.4638066292,-1.299690599,-0.8754222348,-0.4914688236,0.3243100133,0.08862437803,0.2003166521,0.5031787966
23,ME,Maine,2018,152.9308472,43.81393814,67.05553436,238.8061676,0.2864950895,175.2076874,57.41480255,62.67466736,287.7406921,0.3276956975,0.8301674724,0.0583538115,0.7157939672,0.9445409179,0.07029161602,0.8301674724,0.0583538115,0.7157939672,0.9445409179,0.07029161602,0.4866228402,0.1403164119,0.2116026729,0.7616429925,0.2883473635,184.2168732,0.05932770297,-0.3591326276,-0.4574858377,-0.5680024351,0.3484427478,0.8255825043,0.8778416514,0.8503307104,-1.365051627,-0.3993667364,0.6870204806,0.5642819816,-0.1537354304,-0.8635691907,0.2825235441,0.08047196926,0.43806296,0.5718920828
23,ME,Maine,2019,144.1916962,26.17179489,92.89497375,195.4884033,0.1815069467,149.8131561,27.40750122,96.09445953,203.5318604,0.1829445511,0.9419803619,0.04468194023,0.8544037342,1.02955699,0.04743405059,0.9419803619,0.04468194023,0.8544037342,1.02955699,0.04743405059,0.4765484333,0.1966320127,0.09114968777,0.8619471788,0.4126170576,153.072937,0.06391386688,-0.1604071458,-0.2043367607,-0.4893857606,0.3144058497,0.8464310169,0.8806160688,0.8548091054,-0.9280653596,-0.3374475837,0.7842915058,-0.1911242783,-0.2949489332,-0.405958816,0.3339126947,0.09061525063,0.3417122674,0.6196437864
23,ME,Maine,2021,248.8271637,50.70108414,149.4530334,348.2012939,0.2037602365,271.7512512,56.19947433,161.600296,381.9022217,0.2068048418,0.8410953283,0.07630346715,0.6915405393,0.9906501174,0.09071916342,0.8410953283,0.07630346715,0.6915405393,0.9906501174,0.09071916342,0.6213195324,0.09936209023,0.4265698195,0.8160692453,0.1599210799,295.8370361,0.1835068464,0.5395593494,0.6873247944,1.560694116,0.8421852761,0.8891765475,0.9271614552,0.8624129295,-0.03211604059,0.7013471127,0.9494469762,3.436144894,1.894721268,0.4443797862,0.429404801,0.3551206774,0.8043638442,0.7878385861
23,ME,Maine,2022,127.6692657,23.49720955,81.61473846,173.7238007,0.1840475053,144.3661346,24.59879494,96.15249634,192.5797729,0.1703917384,0.7724344134,0.1074376702,0.5618565679,0.9830121994,0.1390897036,0.836207211,0.09296735376,0.6539912224,1.0184232,0.1111774147,0.4618555903,0.1280517578,0.2108741403,0.7128370404,0.2772549689,165.2816925,0.1521665603,0.5304398735,0.6757078297,1.023454471,0.4936411341,0.9063281417,0.9320384264,0.8395906687,0.3273825943,0.8101908565,0.4537461698,-0.3531557837,0.4486688388,1.250091023,0.5198853024,0.2858049383,0.3210454439,0.7856472692
23,ME,Maine,2023,144.6942139,45.76575851,54.99332428,234.3950958,0.3162929416,156.5167389,45.84474945,66.661026,246.3724365,0.2929063737,0.7143414617,0.09279615432,0.5324609876,0.8962219357,0.1299044788,0.775529325,0.09298672527,0.5932753086,0.9577832818,0.1199009791,0.4940863252,0.1105415449,0.2774249017,0.7107477784,0.2237292081,202.5560913,0.1449732035,0.680865705,0.8673297598,0.9001449253,0.5281692202,0.9171341658,0.9454314113,0.836178124,0.5538775921,1.109094024,0.3796254992,0.008285914915,0.5919202,1.185735821,0.5126582827,0.2698952929,0.3671466743,0.8217930602
24,MD,Maryland,2016,137.7323608,19.90714073,98.7143631,176.750351,0.1445349604,174.119339,29.96003914,115.3976593,232.8410187,0.1720661223,0.6152199507,0.06267190725,0.4923829734,0.7380568385,0.1018691137,0.7177108526,0.0589989163,0.6020729542,0.8333486915,0.08220429718,0.4727450907,0.06562294811,0.3441241384,0.6013661027,0.1388125271,223.875,0.04873716831,0.02701558669,0.03441415988,-0.7495468875,0.3707767763,0.8614969254,0.8824196458,0.8643041849,-0.6122828722,-0.2971955538,0.9905251861,0.5319070904,-0.0610752124,-0.6416118692,0.3074491115,0.05704873908,0.4339336016,0.6646795548
24,MD,Maryland,2017,122.4828033,11.83252716,99.29104614,145.6745605,0.09660562128,132.0713806,12.84764004,106.8899994,157.2527466,0.09727800637,0.6901934147,0.04579453915,0.600436151,0.779950738,0.06635029614,0.7501409054,0.0445567891,0.6628096104,0.83747226,0.05939788744,0.4191360176,0.05143203214,0.3183292449,0.5199428201,0.1227096468,177.4615479,0.05022700876,0.3514449205,0.4476927472,-0.7240078305,0.3055396066,0.8895165324,0.9026002288,0.8613395095,-0.02498993091,0.1531924307,0.9261322618,-0.7188854782,-0.3317335205,0.04226005542,0.3842471897,0.06034383955,0.2743972875,0.7426366102
24,MD,Maryland,2018,112.2503433,17.29450035,78.3531189,146.1475677,0.1540708095,119.9343719,17.70352364,85.235466,154.6332855,0.1476100981,0.6965709329,0.0662959069,0.5666309595,0.8265109062,0.09517467022,0.7062467933,0.06584420055,0.5771921873,0.8353014588,0.09323114902,0.3681257665,0.06560668349,0.2395366728,0.49671489,0.1782181263,161.147049,0.05113675445,0.5061905086,0.6448174562,-0.7084128403,0.2936232056,0.9103655219,0.9079346657,0.8571124077,0.4120063782,0.2722457945,0.8343193531,-1.079922752,-0.3811727119,0.2978589244,0.4129506665,0.06235593653,0.2283476408,0.7798203945
24,MD,Maryland,2019,119.3213577,13.01389122,93.81413269,144.8285828,0.1090658978,133.9747162,14.4594059,105.634285,162.315155,0.1079263762,0.725481987,0.0612222217,0.6054864526,0.8454775214,0.08438833803,0.7815741301,0.05878775567,0.6663501263,0.8967981339,0.07521712035,0.3496947587,0.05414331332,0.2435738593,0.4558156431,0.1548302025,164.4718475,0.05494997278,0.6195455194,0.7892162322,-0.6430461091,0.3440326026,0.9150514007,0.9156658053,0.8603032827,0.510222733,0.4447885156,0.9036253095,-0.6622673193,-0.1720323987,0.310086551,0.4143238158,0.07078968359,0.2816188305,0.8070584458
24,MD,Maryland,2021,116.1090469,15.29961777,86.12179565,146.0962982,0.1317693889,124.1276474,15.58289719,93.58517456,154.6701355,0.1255392879,0.6519052982,0.0671178773,0.5203542709,0.7834563255,0.1029564813,0.7477619648,0.05719329789,0.6356630921,0.8598607779,0.07648596913,0.4150291383,0.05998965725,0.29744941,0.5326088667,0.1445432305,178.1072235,0.2407912314,0.9596925577,1.222517025,2.542671196,0.6112641308,0.9239068627,0.9407089353,0.8730067611,0.6958338022,1.00369823,1.179545641,-0.9551861895,0.9366673438,2.820830566,0.696277656,0.4818173342,0.2442575621,0.8887923051
24,MD,Maryland,2022,162.6040344,20.13573456,123.1379852,202.0700684,0.1238329411,182.9593353,21.41578484,140.9843903,224.9342651,0.1170521602,0.7882651091,0.05569260567,0.6791076064,0.8974226117,0.07065212727,0.8035391569,0.05603689328,0.6937068701,0.9133714437,0.0697375983,0.5250939727,0.06002293527,0.4074490368,0.6427389383,0.1143089309,206.2808838,0.196060583,1.064710677,1.356295741,1.775892055,0.7010125628,0.9377756119,0.9487185478,0.8658984303,0.986523807,1.182455897,1.025152326,0.7948687692,1.309018855,1.858174133,0.5881723787,0.382885948,0.4674738849,0.9140270865
24,MD,Maryland,2023,115.8982239,17.48314476,81.6312561,150.1651917,0.1508491337,120.1092987,17.65452385,85.50643158,154.7121582,0.1469871551,0.6685761809,0.05336200818,0.563986659,0.7731657624,0.07981440425,0.6894035935,0.05312398449,0.5852805376,0.7935265899,0.07705789059,0.3536267579,0.05309151858,0.2495673746,0.4576861262,0.1501343399,173.3507996,0.1691840589,1.070238113,1.363336939,1.315170854,0.5143523285,0.945086658,0.9575573206,0.8505246043,1.139763832,1.379718661,0.6912318468,-1.074719239,0.5345961848,2.13373849,0.6191179582,0.3234427725,0.2290113394,0.9153552731
25,MA,Massachusetts,2016,128.9742584,13.80155563,101.9232101,156.0253143,0.1070101559,134.7058105,13.4760685,108.292717,161.1189117,0.1000407338,0.7681459188,0.05065812171,0.6688560247,0.867435813,0.06594856828,0.7838952541,0.05042703077,0.6850582957,0.8827322721,0.06432878226,0.4242708683,0.04967573285,0.3269064426,0.521635294,0.1170849428,167.9033356,0.05166469514,0.0370340844,0.04717635537,-0.6993628059,0.2816368785,0.8348408937,0.879155755,0.8947650194,-1.170995235,-0.370038718,1.652136207,-0.6405195953,-0.4309020153,-0.2367767014,0.3529116634,0.06352359016,0.2843927131,0.6670868974
25,MA,Massachusetts,2017,126.1908798,12.29863453,102.085556,150.2962036,0.09746056795,138.1916962,12.38100338,113.9249268,162.4584656,0.08959296346,0.7260813117,0.04652682692,0.6348887086,0.8172739148,0.06407935917,0.7832403779,0.04079186916,0.7032883167,0.8631924391,0.05208090693,0.4465065897,0.05110513791,0.3463405371,0.5466727018,0.1144554988,173.7971802,0.05268533528,0.3064662417,0.3903960637,-0.6818668474,0.3189493245,0.8584272265,0.8922162652,0.8957982659,-0.6766240001,-0.07855570316,1.674578428,-0.5368256231,-0.2760988023,-0.02473203514,0.3767240503,0.06578095389,0.2976186904,0.731828693
25,MA,Massachusetts,2018,141.2229462,15.34145737,111.1536865,171.2922058,0.1086328924,148.8336029,15.8532877,117.7611618,179.9060516,0.1065168604,0.7671569586,0.04516642541,0.6786307693,0.8556831479,0.05887507647,0.7739597559,0.04543509334,0.6849070191,0.8630125523,0.05870471895,0.4759359658,0.05851367489,0.3612491488,0.5906227827,0.1229444295,184.0861206,0.05333418399,0.5219571541,0.6649020056,-0.6707441904,0.3673316807,0.8828322887,0.9052665234,0.8886015415,-0.1650921553,0.2126984894,1.518265128,-0.2202628605,-0.07536834845,0.07067111467,0.387437721,0.06721602146,0.3379956943,0.7836089584
25,MA,Massachusetts,2019,142.0119781,16.71440506,109.2517395,174.7722015,0.1176971495,150.4121399,17.08579826,116.9239655,183.9002991,0.1135932207,0.6917956471,0.05080688,0.5922141671,0.7913771272,0.07344203442,0.7343456745,0.05019485205,0.635963738,0.8327275515,0.06835316867,0.4214306474,0.04696364701,0.3293819129,0.5134794116,0.1114386097,205.2802277,0.05327272788,0.7236036857,0.9217721003,-0.6717976799,0.3916576245,0.9079327583,0.9139180183,0.883341372,0.3610154688,0.4057815969,1.404013991,-0.1733064229,0.02555599918,0.2294050012,0.4052633649,0.06708009813,0.3439849024,0.8320625604
25,MA,Massachusetts,2021,135.3489532,15.95836163,104.0705719,166.6273499,0.1179053187,150.6060791,16.77572441,117.7256622,183.4865112,0.1113880947,0.7476914525,0.04090232402,0.6675229073,0.8278600574,0.05470481515,0.7669618726,0.04072814062,0.6871346831,0.8467890024,0.05310321599,0.4199029207,0.04781028628,0.3261947632,0.5136110783,0.1138603315,181.0224762,0.2373864353,1.123382509,1.431035629,2.484305696,0.6866107243,0.9277755618,0.9424649477,0.8900781274,0.7769220471,1.042888761,1.550336719,-0.1675373504,1.249267992,2.679425593,0.6803980303,0.4742869001,0.3447207371,0.9281253285
25,MA,Massachusetts,2022,137.1944733,12.76985359,112.1655502,162.2233734,0.09307848662,144.7289734,12.84314632,119.5564041,169.901535,0.08873929083,0.7492414713,0.04884817451,0.6534990668,0.8449838758,0.0651968345,0.7776030302,0.04789728299,0.6837243438,0.8714817166,0.06159606203,0.4595781267,0.05042185262,0.3607513011,0.5584049821,0.1097133383,183.111145,0.1831579357,1.169208745,1.489411985,1.554713039,0.6025677559,0.9355612397,0.9503045678,0.8808390498,0.9401103854,1.217852473,1.349663377,-0.342362489,0.9005875116,2.152477296,0.6212223058,0.3543489868,0.322422109,0.9391369051
25,MA,Massachusetts,2023,130.1567841,16.71599197,97.39343262,162.9201202,0.1284296662,144.1264648,16.6511097,111.4902878,176.7626343,0.1155312508,0.621979773,0.06124607101,0.5019375086,0.7420220971,0.09846955538,0.6822898388,0.05903103948,0.5665889978,0.7979906797,0.08651901037,0.5151853561,0.05948524922,0.3985942602,0.6317764521,0.1154637858,209.2620697,0.1577173173,1.218664209,1.55241148,1.118606338,0.5711509177,0.944919765,0.958560288,0.8701558709,1.136265755,1.402102709,1.117624164,-0.3602851953,0.7702442074,1.909557108,0.5939426312,0.2980816235,0.3201361005,0.9510205479
26,MI,Michigan,2016,163.7020111,11.08146191,141.9823456,185.4216766,0.06769289076,172.6806793,11.04389095,151.0346527,194.3267059,0.06395556778,0.8372075558,0.02898989432,0.780387342,0.8940277696,0.03462688997,0.8532422781,0.02860683203,0.7971728444,0.9093116522,0.03352721035,0.5507173538,0.04617093131,0.4602223635,0.6412124038,0.08383779228,195.533371,0.03930735588,-0.995735834,-1.268431231,-0.9111940743,0.2496754868,0.8180180192,0.8429871798,0.805515945,-1.523603797,-1.177244902,-0.2863588035,0.4891115567,-0.563504583,-1.618624724,0.1977316235,0.03619269409,0.4284751092,0.4189228342
26,MI,Michigan,2017,149.1704712,14.95328617,119.8620377,178.4789124,0.1002429277,163.2776947,15.75567722,132.3965759,194.1588287,0.09649620205,0.7038040757,0.04767524078,0.6103606224,0.7972475886,0.06773936003,0.7546921372,0.04747350514,0.6616440415,0.8477402329,0.06290446967,0.4964425266,0.04495283589,0.4083349705,0.5845500827,0.09054993093,211.9488678,0.04292855039,-0.7434481184,-0.947051196,-0.8491190426,0.2580108598,0.8450766802,0.8621369004,0.7945735455,-0.9564523697,-0.7498636246,-0.5240283608,0.2094027732,-0.5289224885,-1.273005423,0.2365442975,0.04420173947,0.3927987633,0.4795449955
26,MI,Michigan,2018,120.847084,11.07598305,99.13816071,142.556015,0.09165287018,127.2689896,11.12520313,105.4635925,149.0743866,0.08741487563,0.698530674,0.04505319148,0.6102264524,0.7868349552,0.06449708343,0.7477449179,0.04159684479,0.6662151217,0.8292747736,0.0556297265,0.3658164442,0.03884210065,0.289685905,0.4419469535,0.106179215,173.0018311,0.04144094139,-0.5479777952,-0.6980487459,-0.8746198478,0.1899080276,0.8669387102,0.8745539784,0.7877162099,-0.4982226789,-0.4727406502,-0.6729700565,-0.8617412855,-0.8114699597,-0.7900350589,0.2907813476,0.04091157432,0.2561762894,0.5265145177
26,MI,Michigan,2019,181.6230011,20.1099987,142.2074127,221.0386047,0.1107238531,194.6929626,20.66137505,154.1966705,235.18927,0.1061228588,0.7654044628,0.03446932137,0.6978445649,0.8329643011,0.04503412917,0.8301058412,0.02729822136,0.7766013145,0.8836103678,0.03288522735,0.4828067124,0.0422543101,0.3999882638,0.5656251311,0.08751806617,237.2902527,0.04427667707,-0.3028071423,-0.3857348751,-0.8260092631,0.3800475082,0.8839871287,0.8879439831,0.7913690209,-0.1408866197,-0.1739040166,-0.5936307907,1.143906735,-0.02261246775,-1.16652054,0.2485024349,0.04718340966,0.5119930417,0.5854265216
26,MI,Michigan,2021,128.1374969,13.44350815,101.7882233,154.4867706,0.1049147025,135.3173218,13.41041183,109.0329132,161.6017303,0.09910344332,0.7013784051,0.04622987285,0.6107679009,0.7919889688,0.06591288,0.7435266972,0.04326661304,0.6587241292,0.8283292651,0.05819106847,0.3873285651,0.04818372056,0.2928884625,0.4817686677,0.124400124,182.6938171,0.1647360474,0.3766190211,0.4797611073,1.238922407,0.4735831307,0.9213804007,0.9244631529,0.8116029501,0.6428790092,0.6411267519,-0.1541486979,-0.6223290878,0.3654514756,1.344495925,0.5304868709,0.3136050447,0.2867128792,0.7486856894
26,MI,Michigan,2022,147.622879,16.92131233,114.4571075,180.7886505,0.1146252751,160.0388794,17.37851524,125.9769897,194.100769,0.1085893288,0.6714970469,0.04926819354,0.5749313831,0.7680626512,0.07337068021,0.7116929293,0.04722435027,0.619133234,0.8042526841,0.06635495275,0.438007623,0.05161033943,0.3368513584,0.5391638875,0.1178297698,219.8414612,0.137244314,0.4546421667,0.5791519208,0.7676552,0.5027889981,0.9323528409,0.9279462695,0.8082121015,0.8728621006,0.7188625336,-0.2277981341,0.1130583542,0.486621825,0.8697125567,0.4771692116,0.2528012023,0.3805102082,0.7674338544
26,MI,Michigan,2023,148.8442078,17.54137421,114.4631119,183.225296,0.1178505719,161.0383911,17.63117409,126.4812851,195.5954895,0.1094842926,0.7044084668,0.03989998251,0.6262044907,0.782612443,0.0566432476,0.7644174695,0.03476950526,0.6962692142,0.8325656652,0.04548497126,0.5252918601,0.04507307336,0.4369486272,0.6136350632,0.08580577374,211.303833,0.1234801561,0.5509178738,0.7017940005,0.5317080464,0.4960744406,0.9389968514,0.942450583,0.8001947403,1.012121081,1.042568207,-0.4019356668,0.142790638,0.4587642283,0.7860626467,0.4677754171,0.2223588262,0.3843025068,0.7905679235
27,MN,Minnesota,2016,134.2718811,13.61805439,107.5804977,160.9632721,0.1014214829,139.0262604,13.66568947,112.2415085,165.8110046,0.09829574078,0.7516578436,0.05009225756,0.6534770131,0.8498386741,0.06664236635,0.7516578436,0.05009225756,0.6534770131,0.8498386741,0.06664236635,0.4594979286,0.0476584211,0.3660874069,0.5529084206,0.1037184671,178.6343231,0.05707580596,-0.5063367238,-0.6450037177,-0.6066047741,0.2438027756,0.8389340043,0.8727557063,0.8223403096,-1.08520329,-0.5128742456,0.07906736434,-0.5120000013,-0.5878694977,-0.6833853662,0.3027579929,0.07549141789,0.3007851533,0.5365204419
27,MN,Minnesota,2017,143.3013,13.68173599,116.4850998,170.1175079,0.0954753086,154.026825,14.47890472,125.6481705,182.4054718,0.09400248528,0.8055928349,0.0369355306,0.7331991792,0.8779864907,0.04584887996,0.8503530622,0.03130620718,0.7889928818,0.9117132425,0.03681554273,0.4559312463,0.04938536137,0.3591359258,0.5527265668,0.1083175614,177.8830414,0.05691231415,-0.1494079704,-0.190325316,-0.609407374,0.3159591393,0.8653857112,0.892033577,0.8263050914,-0.5307736397,-0.08263292164,0.1651826501,-0.06578107843,-0.2885045895,-0.5153671455,0.3216262575,0.0751298208,0.3576995642,0.6222867759
27,MN,Minnesota,2018,92.84090424,9.565032959,74.09344482,111.5883713,0.1030260623,98.50673676,9.795010567,79.30851746,117.7049561,0.09943493456,0.6672067046,0.07258994877,0.5249304175,0.8094830513,0.1087967902,0.6839293242,0.07160205394,0.543589294,0.8242692947,0.1046921834,0.2498741746,0.03569565341,0.1799106896,0.3198376596,0.1428545117,139.1486359,0.05621096119,0.03496455587,0.04454005915,-0.6214300662,0.201171698,0.8915266991,0.9015686512,0.8167470098,0.01714330353,0.130169794,-0.04241942987,-1.717326514,-0.7647388403,0.146574028,0.3959615361,0.07357862889,0.1470479518,0.6665896109
27,MN,Minnesota,2019,133.8948364,15.95550632,102.6220474,165.1676331,0.1191644594,147.0157928,17.22969818,113.2455902,180.7860107,0.1171962321,0.6635260582,0.05530913919,0.5551201105,0.7719319463,0.08335639536,0.7446672916,0.04475958273,0.6569384933,0.83239609,0.06010682136,0.423499912,0.05598533154,0.3137686551,0.5332311392,0.1321967989,201.7928925,0.06703228503,0.1363461788,0.173686377,-0.4359293927,0.342386942,0.8928069472,0.9073832035,0.8235399127,0.0439773947,0.2599383295,0.1051228121,-0.2743369083,-0.1788599747,-0.08851816819,0.3695609365,0.09751229867,0.3310986479,0.6909505794
27,MN,Minnesota,2021,130.0127411,13.10054779,104.3356705,155.6898193,0.1007635742,138.5677185,13.18949509,112.7163086,164.4191284,0.09518446773,0.6969533563,0.04771337658,0.6034351587,0.7904715538,0.06845992804,0.7470183969,0.04372285679,0.6613215804,0.8327151537,0.05852983147,0.422315836,0.04965903983,0.3249841034,0.5196475387,0.1175874397,186.5443878,0.2101775557,0.7982965112,1.016920542,2.01788721,0.5870939419,0.9290751815,0.9391079545,0.8473721147,0.8041621447,0.9679677486,0.6227596402,-0.5256401586,0.8363891976,2.198383225,0.626377492,0.4141086494,0.2990453761,0.8500104835
27,MN,Minnesota,2022,128.9035797,16.13824081,97.27263641,160.5345459,0.1251962185,136.8754272,16.68247032,104.1777802,169.5730591,0.1218806878,0.7086069584,0.05437685549,0.6020283103,0.8151856065,0.07673768699,0.7468066812,0.04542111605,0.6577813029,0.8358320594,0.06082044542,0.483905226,0.0619998686,0.3623854816,0.6054249406,0.1281239986,181.9112701,0.1691743881,0.8827398717,1.124489831,1.315005075,0.5352197026,0.9374196529,0.9500638247,0.8397256136,0.9790628552,1.212479591,0.4566771686,-0.5759804227,0.6211714941,1.817585455,0.5836143139,0.3234213834,0.2926245671,0.8703013606
27,MN,Minnesota,2023,114.1018753,20.9513588,73.03721619,155.1665497,0.1836197674,127.8545303,21.81683922,85.09352875,170.6155396,0.1706379801,0.6248717904,0.06646153331,0.4946071804,0.7551363707,0.106360279,0.6695780158,0.06592160463,0.540371716,0.7987843752,0.0984524563,0.4472787082,0.05678302422,0.3359839916,0.5585734248,0.126952216,182.6004639,0.165588975,0.8954162995,1.140637865,1.253543413,0.5100193385,0.9425788522,0.9533392191,0.833132267,1.087200046,1.285579562,0.3134692907,-0.8443233163,0.5166193206,1.870503817,0.5895569888,0.3154914762,0.2583979197,0.8733473767
28,MS,Mississippi,2016,167.4424591,25.77045059,116.9323807,217.9525452,0.1539063007,180.2265167,30.10831642,121.2142105,239.2388153,0.1670581996,0.6581122875,0.07291278988,0.5152032375,0.8010213375,0.110790804,0.7100929618,0.0702463612,0.5724101067,0.8477758169,0.09892558306,0.452888608,0.0718762055,0.3120112419,0.593765974,0.1587061435,254.4284058,0.02294326015,-2.739142577,-3.489292912,-1.191709732,0.06673961073,0.8363817334,0.7445365787,0.6481537819,-1.138699055,-3.374454498,-3.704274178,0.7135761374,-1.322475502,-3.379386308,0,0,0.4571051577,0
28,MS,Mississippi,2017,161.7081604,18.19270134,126.0504608,197.3658447,0.1125032976,185.7518616,22.37119865,141.9043121,229.599411,0.1204359308,0.7318359017,0.0744766593,0.5858616233,0.8778101206,0.1017668843,0.7549259663,0.0722977668,0.613222301,0.8966295719,0.09576802701,0.5825020671,0.05887611955,0.467104882,0.697899282,0.1010745242,220.962326,0.02305470593,-2.338045726,-2.978350397,-1.189799313,0.1211495975,0.8771506548,0.7691474557,0.638923049,-0.2841795981,-2.825191498,-3.904766083,0.8779375129,-1.096737399,-3.082924636,0.03329232544,0.0002464861643,0.4780691518,0.09637947664
28,MS,Mississippi,2018,254.8528137,40.91754532,174.6544189,335.0512085,0.1605536342,258.098938,40.81764603,178.096344,338.101532,0.1581472903,0.898691237,0.04078662395,0.8187494874,0.9786330462,0.04538446665,0.898691237,0.04078662395,0.8187494874,0.9786330462,0.04538446665,0.626973927,0.07334779948,0.4832122326,0.7707356215,0.1169869974,283.5821533,0.02658582665,-1.917611053,-2.442774141,-1.129268339,0.341950642,0.9024036527,0.7978149652,0.6431680322,0.2451250255,-2.185393333,-3.81256485,3.030032146,-0.1806701115,-3.345553181,0.003799423608,0.008056314096,0.7525649028,0.1974056346
28,MS,Mississippi,2019,180.3771973,31.31535149,118.9990997,241.7552795,0.1736103743,185.8211975,28.9400177,129.0987701,242.5436249,0.1557411999,0.8103108406,0.04502860457,0.7220547795,0.8985669017,0.05556954443,0.8507791758,0.0467068404,0.7592337728,0.9423245788,0.05489890277,0.5175839663,0.1009850875,0.319653213,0.7155147791,0.1951086074,222.6024628,0.03216192499,-1.845305045,-2.35066618,-1.033682068,0.1842889146,0.9191324711,0.7984977365,0.6363099813,0.5957622528,-2.170155287,-3.961522102,0.8800000357,-0.8347827373,-2.554249966,0.09266191963,0.02038904697,0.4783322229,0.2147800297
28,MS,Mississippi,2021,153.5666351,21.81292915,110.8133011,196.3199768,0.1420421004,171.3840485,22.29448318,127.6868668,215.0812378,0.1300849319,0.7789857984,0.07687345147,0.6283138394,0.9296577573,0.09868402034,0.7789857984,0.07687345147,0.6283138394,0.9296577573,0.09868402034,0.5551126599,0.1038846672,0.3514986932,0.7587265968,0.1871415973,197.1366425,0.06235614046,-0.9021827181,-1.14925736,-0.5160885285,0.2878957494,0.9219498634,0.8533651829,0.7074787021,0.6548149586,-0.9456297755,-2.415733337,0.4505409267,-0.4049349873,-1.262223898,0.2377550512,0.08717000584,0.4235554956,0.4414026924
28,MS,Mississippi,2022,215.7730865,36.61978912,143.9983063,287.5478821,0.1697143465,220.8002014,36.40449142,149.447403,292.1530151,0.164875254,0.7943058014,0.08168049157,0.6342120171,0.9543995261,0.1028325483,0.8153240681,0.08208990097,0.6544278264,0.9762202501,0.1006837785,0.5038697124,0.1002335846,0.3074118495,0.7003275156,0.1989275962,271.6499023,0.05643490329,-0.5282396873,-0.6729050967,-0.6175912188,0.4361158354,0.9290670156,0.8713088036,0.7338225245,0.8039910197,-0.5451660752,-1.843544006,1.920513769,0.2100058178,-1.462114997,0.2153074967,0.0740739247,0.6110478545,0.5312573835
28,MS,Mississippi,2023,185.3316345,30.7671814,125.0279541,245.6353149,0.1660114974,187.9311066,30.53455544,128.083374,247.7788391,0.162477389,0.7311844826,0.09156025946,0.5517264009,0.9106425643,0.1252218187,0.7311844826,0.09156025946,0.5517264009,0.9106425643,0.1252218187,0.588948369,0.1047266126,0.3836841881,0.7942125201,0.177819699,253.4676666,0.06425205618,-0.07323579242,-0.09329238208,-0.4835884714,0.4148942027,0.9402757883,0.9000635743,0.7563053966,1.038927674,0.09657966346,-1.355214715,0.9427630966,0.1219607477,-0.6776535217,0.3034016728,0.09136322854,0.486337537,0.6405901723
29,MO,Missouri,2016,144.4417725,13.24754143,118.476593,170.4069519,0.09171544015,163.7331696,13.94083214,136.4091492,191.0572052,0.08514360338,0.793315053,0.04884087294,0.6975869536,0.8890432119,0.06156554446,0.8524240255,0.04251611233,0.7690924406,0.9357556105,0.04987671599,0.4823459685,0.04568910971,0.3927953243,0.5718966126,0.09472269565,182.0736542,0.05066027492,-1.183110197,-1.507120536,-0.7165807202,0.2247499556,0.8357320428,0.8352028131,0.770539999,-1.152316689,-1.350975513,-1.046038389,0.2229516965,-0.66691652,-1.568020928,0.2034143751,0.06130210024,0.3945269038,0.3738986884
29,MO,Missouri,2017,115.9473953,14.03824234,88.43244171,143.4623566,0.1210742369,125.3887329,15.26200008,95.4752121,155.3022461,0.1217174754,0.7013232112,0.06132071093,0.5811345577,0.8215118051,0.0874357447,0.7013232112,0.06132071093,0.5811345577,0.8215118051,0.0874357447,0.3804974556,0.04957408085,0.2833322585,0.4776626527,0.1302875429,165.3266296,0.04948266223,-0.775283277,-0.9876048329,-0.7367675246,0.1732258059,0.8727867007,0.8509876728,0.7748920918,-0.3756483793,-0.998690784,-0.9515106678,-0.9176729203,-0.8806817593,-0.8768063849,0.2810370215,0.05869755816,0.2490423113,0.471895332
29,MO,Missouri,2018,174.4480438,31.10735893,113.477623,235.4184723,0.1783187538,185.4885254,31.79298782,123.1742706,247.8027802,0.1714013666,0.7742232084,0.05263364688,0.6710612774,0.8773851991,0.06798252463,0.7910881639,0.05338961259,0.686444521,0.8957318068,0.06748882681,0.4643857777,0.06401117146,0.3389238715,0.5898476839,0.1378405094,225.3200836,0.04879082739,-0.6738413672,-0.8583817177,-0.7486270559,0.3262920859,0.8969026208,0.8608930707,0.755453229,0.1298229992,-0.7776232362,-1.373723865,0.8701041019,-0.2456348905,-1.350257922,0.2278689254,0.0571674176,0.4770700145,0.4962707869
29,MO,Missouri,2019,195.0704498,18.99281693,157.8445282,232.2963715,0.09736388922,208.6177521,19.0989151,171.1838837,246.0516205,0.0915498063,0.8643807769,0.04008443281,0.7858152986,0.9429462552,0.04637358338,0.8981003761,0.03519683331,0.8291145563,0.9670861363,0.03919031471,0.7015951872,0.0587403141,0.5864641666,0.8167262077,0.08372393996,225.6765289,0.05011904985,-0.4363886813,-0.5558994809,-0.7258584775,0.4077021916,0.9083289504,0.8764808178,0.7612071633,0.3693196774,-0.4297376573,-1.248748064,1.558124781,0.09212227402,-1.343044332,0.2286790038,0.06010506535,0.564825799,0.5533282421
29,MO,Missouri,2021,160.8675842,18.04867744,125.4921799,196.2429962,0.1121958643,168.6623688,18.03637695,133.3110809,204.0136719,0.1069377586,0.7718979716,0.04940909892,0.6750561595,0.8687397838,0.06400988251,0.8129431009,0.04638085887,0.7220366597,0.9038496017,0.05705301464,0.5126847029,0.06400630623,0.3872323334,0.6381370425,0.1248453557,208.4052582,0.1493918449,0.2498874764,0.318322457,0.9758899038,0.519173235,0.9326074123,0.9138154387,0.7942052484,0.878197968,0.4034922421,-0.532027781,0.369579642,0.5545973343,0.7527235787,0.4640314758,0.2796680623,0.4132290312,0.7182333936
29,MO,Missouri,2022,109.5609436,10.6807766,88.62662506,130.4952698,0.09748708457,127.3413162,11.9883728,103.8441086,150.8385315,0.09414362162,0.6736345291,0.05555335805,0.5647499561,0.7825191021,0.08246809989,0.7291537523,0.05527049676,0.6208235621,0.8374839425,0.07580088079,0.4020068645,0.05096562579,0.3021142185,0.5018994808,0.1267780066,162.6415253,0.1283973306,0.3374599218,0.4298777721,0.6159989529,0.4004648284,0.940030396,0.9263520837,0.7862558961,1.03378427,0.6832836866,-0.7046881914,-0.8595897982,0.06209564225,0.9682663847,0.4882367,0.2332342084,0.2564507077,0.7392761578
29,MO,Missouri,2023,145.2377014,17.6288147,110.6852188,179.7901764,0.1213790551,157.2736511,18.8242569,120.3781128,194.1692047,0.1196910962,0.7524356246,0.04652855173,0.661239624,0.8436315656,0.06183725595,0.7918035388,0.04300306365,0.7075175643,0.8760895729,0.05431026965,0.4964936078,0.05210122839,0.394375205,0.5986120105,0.1049383655,193.0234222,0.1257635802,0.4661451976,0.5938052084,0.570850828,0.4815454645,0.9402361512,0.9390047193,0.7908306122,1.038096905,0.9656637907,-0.6053251028,0.03080163817,0.3984858915,0.7737024153,0.4663873764,0.2274091066,0.3700185138,0.7701979152
30,MT,Montana,2016,119.6492462,26.43170929,67.84309387,171.4553986,0.2209099531,129.7053223,26.83189774,77.1147995,182.2958374,0.206868127,0.6591021419,0.117276445,0.4292402864,0.8889639378,0.1779336482,0.7073997855,0.1167262122,0.4786163867,0.9361831546,0.1650074273,0.5035666227,0.1163056493,0.2756075263,0.7315256596,0.2309637815,181.5337067,0.06445217133,-1.799030582,-2.291718844,-0.4801580692,0.09938181416,0.7353792787,0.8297995329,0.7878617644,-3.255717754,-1.471565366,-0.6698086262,-0.789268163,-1.187048359,-1.62842494,0.1966310698,0.09180582593,0.2654201042,0.2258993106
30,MT,Montana,2017,163.3438263,32.74303055,99.1674881,227.5201569,0.2004546523,168.976593,31.50860977,107.2197113,230.7334595,0.1864673048,0.8204810619,0.07495962828,0.6735601425,0.9674019217,0.09136059135,0.8595145345,0.06306812167,0.7359010577,0.9831280708,0.07337644696,0.5666596293,0.1137922779,0.3436267674,0.7896925211,0.2008123994,199.0829926,0.06754994392,-1.007619018,-1.283568782,-0.4270556104,0.2785041494,0.8166080713,0.8401341438,0.8081668019,-1.553156376,-1.240918636,-0.2287820429,0.3789268104,-0.4438991941,-1.271595893,0.2367025862,0.09865721191,0.4144212455,0.4160674263
30,MT,Montana,2018,114.469017,18.21914101,78.7594986,150.1785278,0.1591622084,117.9510193,19.54546165,79.64191437,156.2601318,0.1657082886,0.8424710631,0.07693793625,0.6916726828,0.9932694435,0.09132413566,0.8424710631,0.07693793625,0.6916726828,0.9932694435,0.09132413566,0.3533941209,0.09331508726,0.1704965532,0.5362917185,0.2640538812,135.8729401,0.08066906035,-0.8582647443,-1.09331187,-0.2021658494,0.1899089111,0.8587158918,0.8608081937,0.766918242,-0.6705735326,-0.7795175314,-1.124703169,-1.138921164,-0.8114662943,-0.5230698626,0.3207612507,0.1276729409,0.2208225008,0.451955733
30,MT,Montana,2019,108.4501572,39.48828888,31.05311203,185.8471985,0.3641146123,112.6797562,39.51458359,35.23117065,190.1283264,0.3506804109,0.6355505586,0.1107006148,0.4185773432,0.8525237441,0.1741806567,0.7676959634,0.1079486683,0.556116581,0.9792753458,0.1406138241,0.1974822879,0.1033996791,-0.005181081127,0.4001456499,0.5235896111,170.6396942,0.06767845899,-0.6775797407,-0.8631438941,-0.4248525869,0.1779118094,0.8689921498,0.8774240613,0.7648847699,-0.4551824331,-0.4086864591,-1.16887033,-1.295724419,-0.8612402999,-0.467341655,0.3270194682,0.09894145044,0.2008225312,0.4953724939
30,MT,Montana,2021,56.34992218,16.64917374,23.71754265,88.9822998,0.2954604626,59.75025558,17.16921997,26.09858513,93.40193176,0.2873497307,0.5038855672,0.1114853024,0.2853743434,0.7223967314,0.2212512493,0.5172789693,0.1124090627,0.2969571948,0.7376006842,0.2173084021,0.1896956116,0.08432307094,0.02442239411,0.354968816,0.4445177615,111.8307953,0.1381460279,-0.1610822926,-0.2051968054,0.7831125091,0.2013262863,0.8974577188,0.9128544331,0.7723488808,0.1414579004,0.3820446134,-1.006749392,-2.87020814,-0.7640974788,1.271712736,0.5223133973,0.2547955354,0,0.6194815555
30,MT,Montana,2022,234.8082123,57.85278702,121.416748,348.1996765,0.2463831455,235.1922302,57.80866241,121.8872528,348.4972229,0.2457932532,0.8382760882,0.07657545805,0.6881881952,0.9883639812,0.09134873003,0.8382760882,0.07657545805,0.6881881952,0.9883639812,0.09134873003,0.5547574162,0.09739102423,0.3638710082,0.7456437945,0.1755560488,280.1084595,0.1273318678,-0.02306526899,-0.02938199888,0.5977346374,0.6198594177,0.9060383439,0.9170672894,0.7788027525,0.3213084042,0.4760666788,-0.8665708899,2.348630695,0.9723277778,-0.3474209373,0.3404864352,0.2308777097,0.6656533887,0.6526456366
30,MT,Montana,2023,115.0451508,20.27658463,75.30304718,154.787262,0.1762489229,115.0451508,20.27658463,75.30304718,154.787262,0.1762489229,0.94109869,0.06279167533,0.8180269599,1.064170361,0.06672167033,0.94109869,0.06279167533,0.8180269599,1.064170361,0.06672167033,0.4264892638,0.1984900832,0.03744870424,0.8155298233,0.4654046297,122.245575,0.1136579141,0.04980504513,0.06344481219,0.3633337767,0.321336622,0.9122130275,0.9378700852,0.7615336776,0.4507302046,0.940341115,-1.241656184,-1.225361479,-0.2661942965,0.6645833884,0.4541334276,0.2006348395,0.2097971961,0.6701556289
31,NE,Nebraska,2016,167.180542,39.94258499,88.89307404,245.4680023,0.2389188707,180.3013611,38.05632401,105.7109756,254.8917694,0.2110706419,0.7031192183,0.07525940984,0.5556107759,0.8506276608,0.1070364863,0.7628738284,0.06507672369,0.6353234649,0.890424192,0.08530470729,0.3935832381,0.06781814247,0.2606596947,0.5265067816,0.1723095328,237.7698364,0.04381021857,-0.8692196707,-1.107266947,-0.8340053611,0.2870388964,0.826852262,0.846996665,0.8103455305,-1.338437438,-1.087761641,-0.1814599335,0.7158025182,-0.4084899301,-1.528075866,0.2079001624,0.04615173703,0.4573891285,0.449323376
31,NE,Nebraska,2017,117.0822754,16.33141327,85.0727005,149.0918427,0.1394866407,128.0755463,16.83252525,95.08379364,161.0672913,0.131426543,0.7715707421,0.08029747009,0.6141876578,0.9289537668,0.1040701419,0.7862312794,0.08061563224,0.6282246113,0.9442378879,0.1025342494,0.4659865201,0.1012042165,0.2676262558,0.6643467546,0.2171827108,151.7453461,0.05017390475,-0.4760670016,-0.6064442327,-0.724918147,0.2112231396,0.8546957374,0.8750629425,0.8089402318,-0.7548362613,-0.461381644,-0.2119830996,-0.8377487977,-0.7230370592,-0.635482817,0.3081373974,0.06022638868,0.2592364876,0.543793947
31,NE,Nebraska,2018,194.8241882,27.1682682,141.5743713,248.0739899,0.1394501776,209.1120758,30.07430649,150.1664276,268.0577087,0.1438190788,0.7794903517,0.06159077957,0.658772409,0.9002082348,0.07901416719,0.7910195589,0.06063054129,0.6721837521,0.9098554254,0.07664859295,0.5873684287,0.07881306857,0.4328948259,0.7418420315,0.1341799647,249.937912,0.05326701701,-0.1216194158,-0.1549264991,-0.6718955764,0.4454348998,0.8888987899,0.8898640275,0.8096821904,-0.03793785721,-0.1310526729,-0.1958677173,1.572829334,0.2486690861,-1.04001368,0.2627090186,0.06706746732,0.566701338,0.6289640817
31,NE,Nebraska,2019,131.9822235,22.23311615,88.40531921,175.5591278,0.1684553772,138.8272552,22.15804863,95.3974762,182.257019,0.1596087813,0.7939372659,0.05485291034,0.6864255667,0.9014489651,0.06908973306,0.7939372659,0.05485291034,0.6864255667,0.9014489651,0.06908973306,0.4351439774,0.06569045782,0.3063906729,0.5638972521,0.1509625912,166.2376099,0.04660692066,-0.02210573231,-0.02815968042,-0.7860638959,0.2784683351,0.9035673738,0.8930407166,0.8060076833,0.2695167065,-0.06015568599,-0.2756782174,-0.5179197687,-0.4440477817,-0.3836025294,0.3364232816,0.05233724124,0.3000300977,0.6528762035
31,NE,Nebraska,2021,132.1836548,15.41363144,101.9729385,162.3943787,0.1166076884,137.2020264,16.11909676,105.6085968,168.7954559,0.1174843907,0.930708766,0.03678188473,0.8586162329,1.002801299,0.0395202972,0.961764276,0.01945832931,0.923625946,0.999902606,0.02023191005,0.4795769453,0.09082574397,0.3015584946,0.657595396,0.1893872172,142.0247345,0.1241168678,0.4538769871,0.5781771867,0.5426226493,0.430051262,0.9162116051,0.9277997613,0.823833406,0.5345406532,0.7155928016,0.1114975065,-0.5662651412,0.1848448983,0.9289771971,0.4838245667,0.2237670502,0.2938637335,0.7672499896
31,NE,Nebraska,2022,128.1000671,21.87114143,85.2326355,170.967514,0.1707348078,134.5243073,22.17191124,91.06735992,177.9812469,0.1648171395,0.8901448846,0.04634679481,0.799305141,0.9809846282,0.05206657201,0.8901448846,0.04634679481,0.799305141,0.9809846282,0.05206657201,0.4531986415,0.1073618382,0.2427694499,0.6636278629,0.2368979603,143.9092407,0.1118314937,0.5942554275,0.7570001151,0.3320250179,0.4210986863,0.9191336036,0.9343411922,0.8336814046,0.5957859755,0.8615837097,0.3253965974,-0.6459187391,0.1477021313,0.9341363939,0.4844039389,0.1965953205,0.2837040622,0.8009814951
31,NE,Nebraska,2023,165.7636719,28.070261,110.7459641,220.7813873,0.1693390459,172.2870789,28.72790909,115.9803696,228.5937805,0.1667444259,0.6596699357,0.07301365584,0.5165631771,0.8027766943,0.1106821075,0.6766594052,0.07160096616,0.5363215208,0.8169972897,0.1058153659,0.5113636255,0.06583711505,0.3823228776,0.6404044032,0.1287481338,251.2827606,0.1019435525,0.5975618785,0.7612120812,0.1625245228,0.4980707531,0.925937891,0.9452497363,0.8163630962,0.7384043336,1.105039358,-0.05075805634,0.477403199,0.467046601,0.4763357082,0.4329934165,0.1747260259,0.4269817295,0.8017760015
32,NV,Nevada,2016,145.6555939,22.86191559,100.8462448,190.4649506,0.1569587141,158.4767761,22.72279167,113.940094,203.013443,0.1433824748,0.8086028099,0.07390740514,0.6637442708,0.9534612894,0.09140137583,0.8086028099,0.07390740514,0.6637442708,0.9534612894,0.09140137583,0.5475659966,0.08273328096,0.3854087591,0.7097232342,0.1510927975,180.1324463,0.04240034521,-0.8677118023,-1.105346129,-0.858173611,0.2330912985,0.8147540689,0.8425055742,0.8268433809,-1.592016459,-1.187993288,0.1768743396,0.06659076723,-0.6323096577,-1.342074926,0.228787867,0.04303350084,0.3745833521,0.4496857014
32,NV,Nevada,2017,139.9401703,14.23624897,112.037117,167.8432159,0.1017309725,152.3297729,14.98196697,122.965126,181.6944275,0.09835218638,0.7939489484,0.0532506071,0.6895777583,0.8983201385,0.06707056612,0.8469206095,0.04146113619,0.7656567693,0.9281844497,0.04895516485,0.5238366127,0.06752087176,0.3914957047,0.6561775208,0.1288968176,176.2583923,0.04285529256,-0.3959107449,-0.5043361275,-0.8503748388,0.2673141555,0.8559356332,0.8684777617,0.8255814314,-0.7288479805,-0.6083489656,0.1494647115,-0.1162629595,-0.4903246419,-0.8732737369,0.281433734,0.04403971412,0.3512606922,0.5630546768
32,NV,Nevada,2018,183.8487396,26.2383194,132.4216461,235.2758484,0.1427168697,193.2219696,26.11361694,142.0392761,244.4046478,0.1351482868,0.772077024,0.08783000708,0.5999301672,0.9442238212,0.1137580946,0.7771459222,0.08769915998,0.6052555442,0.9490362406,0.1128477454,0.6666151285,0.1021054462,0.4664884806,0.8667418361,0.1531700045,238.1222992,0.04103318974,0.1017316679,0.1295922257,-0.8816095846,0.4134680826,0.901263833,0.8813399076,0.8373580575,0.2212343216,-0.3212930262,0.4052537084,1.100149387,0.1160440092,-0.8411000798,0.2850468009,0.04000974443,0.5064118716,0.682633066
32,NV,Nevada,2019,140.4462891,30.83791542,80.00397491,200.8886108,0.2195708752,180.8423462,31.67408943,118.7611389,242.9235687,0.1751475185,0.7221469283,0.09417589754,0.5375621319,0.9067316651,0.1304109991,0.8753190637,0.04375565797,0.7895579934,0.9610801339,0.04998823628,0.4647198021,0.09533321857,0.2778666914,0.6515728831,0.2051412761,194.484375,0.05067143589,0.2381217706,0.3033345576,-0.7163893973,0.4111146699,0.8993012309,0.8953663707,0.8436778188,0.1800980419,-0.008252001368,0.5425192714,0.7318950987,0.1062800863,-0.4992192902,0.3234396442,0.06132678511,0.4594417079,0.7154062147
32,NV,Nevada,2021,138.2399445,29.28077888,80.84962463,195.6302795,0.2118112594,147.7108459,29.73071289,89.43865204,205.9830475,0.2012764364,0.6020658612,0.105542399,0.3952027857,0.8089289665,0.1753004193,0.7104105353,0.106870681,0.5009440184,0.9198770523,0.1504350901,0.4512332678,0.0897487998,0.2753256261,0.6271409392,0.1988966763,229.6093292,0.1266010404,0.7951727311,1.012941273,0.5852066893,0.4935190234,0.9285081029,0.9321445227,0.8546429873,0.792276144,0.812558651,0.7806833982,-0.2536612968,0.4481622218,1.155141136,0.5092225326,0.2292613286,0.3337357845,0.8492598711
32,NV,Nevada,2022,156.4284973,28.26913452,101.0209885,211.8359985,0.1807160079,160.7216187,28.75043297,104.3707657,217.072464,0.1788834184,0.6650345325,0.08827053756,0.4920242727,0.8380447626,0.1327307522,0.6650345325,0.08827053756,0.4920242727,0.8380447626,0.1327307522,0.4589131474,0.08255457133,0.2971061766,0.6207200885,0.1798914969,235.2185974,0.121352613,0.8855154415,1.128025527,0.4952373999,0.5266322424,0.9489327073,0.9471843243,0.8319575191,1.220377326,1.148215294,0.2879537046,0.1333676682,0.5855435316,1.053292843,0.4977850794,0.2176533101,0.3831006242,0.8709683017
32,NV,Nevada,2023,126.1352005,22.8810215,81.28839874,170.9819946,0.181400761,134.6019135,23.38448334,88.76832581,180.4355011,0.1737307012,0.7362524867,0.0716785714,0.5957624912,0.8767424822,0.0973559618,0.7887922525,0.06928613782,0.6529914141,0.924593091,0.08783825487,0.4714071155,0.09735807776,0.280585289,0.6622289419,0.2065265328,171.3205719,0.1169172749,0.8268181682,1.053253231,0.4192062033,0.4520907406,0.9407538176,0.9635408521,0.814936161,1.048947215,1.513258457,-0.08175116777,-0.6436102023,0.2762830772,1.192256524,0.5133905507,0.2078436123,0.2839985118,0.8568639464
33,NH,New Hampshire,2016,124.3968582,37.29707336,51.29459381,197.499115,0.2998232543,127.9642944,37.27333069,54.90856552,201.0200195,0.2912791669,0.7616473436,0.1163693368,0.5335634351,0.9897312522,0.1527863741,0.7944272161,0.1147398502,0.5695371032,1.019317389,0.1444309056,0.3421499431,0.1076105386,0.1312332749,0.5530666113,0.3145128191,163.3260498,0.06547065824,-0.126511033,-0.1611577502,-0.4626990215,0.2678009563,0.796297729,0.8965350389,0.8915128708,-1.978862643,0.01783020608,1.581499338,-0.8410581847,-0.4883049854,-0.1578435888,0.3617757667,0.09405842736,0.2588143813,0.6277886761
33,NH,New Hampshire,2017,107.6195145,24.99674034,58.62590408,156.6131287,0.2322695851,114.087738,24.71206665,65.65209198,162.5233917,0.2166057974,0.5902560353,0.1064456999,0.3816224933,0.798889637,0.1803381741,0.6913248897,0.1002890691,0.4947583079,0.8878914714,0.1450679302,0.3865305185,0.1014225259,0.1877423525,0.5853186846,0.2623920441,182.326828,0.06015262008,0.2197043896,0.2798733337,-0.5538615886,0.2627461447,0.8245920539,0.9147337675,0.8933286071,-1.385811567,0.4239873886,1.620937347,-1.253841451,-0.5092765688,0.2076786888,0.4028235235,0.0822964497,0.2061646274,0.7109807061
33,NH,New Hampshire,2018,134.848999,44.82790756,46.98630524,222.7117157,0.3324303925,145.1996918,44.94167328,57.11401749,233.2853851,0.3095163107,0.5662683845,0.1163223833,0.3382765353,0.7942602634,0.205419153,0.6710189581,0.1095384657,0.4563235641,0.8857143521,0.1632419825,0.3283768296,0.1042272598,0.1240913868,0.5326622725,0.3174014091,238.1362,0.06931099296,0.2607776125,0.3321950007,-0.3968674572,0.3539200847,0.8373560309,0.919256568,0.8820370436,-1.118277788,0.524926722,1.375683904,-0.3283601193,-0.1310108586,0.06161906674,0.3864211858,0.1025521481,0.3242080858,0.7208501821
33,NH,New Hampshire,2019,137.5807648,32.63728333,73.61169434,201.5498505,0.2372227162,171.0975952,33.71645737,105.0133438,237.1818542,0.1970597953,0.6942498684,0.1123475358,0.4740486741,0.9144510627,0.1618258059,0.8135254383,0.09694919735,0.6235049963,1.00354588,0.1191716865,0.5147647262,0.1183277741,0.2828423083,0.7466871738,0.229867667,198.1718445,0.07253675908,0.5867172579,0.7473975183,-0.3415709153,0.4536170506,0.8730844259,0.9191031456,0.8927356005,-0.3694080412,0.5215026736,1.608057141,0.4420198568,0.2826154866,0.1414082452,0.3953814243,0.1096866191,0.4224686487,0.7991701499
33,NH,New Hampshire,2021,122.5891647,21.70244789,80.05236816,165.1259613,0.1770339757,126.8966599,23.06297112,81.6932373,172.1000824,0.1817460805,0.7960910797,0.08906510472,0.6215234995,0.9706587195,0.1118780375,0.7960910797,0.08906510472,0.6215234995,0.9706587195,0.1118780375,0.3228313923,0.1133335233,0.1006976888,0.5449650884,0.3510610163,153.9888763,0.1992547512,1.087607761,1.385463494,1.830646941,0.5737669855,0.9119205475,0.9481410384,0.8946048021,0.4445998073,1.169567108,1.648656368,-0.8728169062,0.7810978431,2.430379788,0.6524304554,0.3899505335,0.2547636142,0.919529022
33,NH,New Hampshire,2022,152.5615845,16.81063461,119.6127396,185.5104218,0.1101891771,169.3749695,17.84313393,134.4024353,204.3475037,0.105346933,0.9521887898,0.03680744767,0.8800461888,1.024331331,0.03865562007,0.9686492682,0.03276604041,0.9044278264,1.03287077,0.03382652625,0.7110459208,0.1120494679,0.4914289713,0.9306628704,0.1575839967,160.2220001,0.1766586453,1.107435614,1.410721466,1.443301277,0.6461974605,0.9040543437,0.9582912922,0.8945047855,0.2797236145,1.396099329,1.646483898,0.3907772389,1.081599994,1.798012789,0.5814163247,0.3399744173,0.4159327461,0.9242934525
33,NH,New Hampshire,2023,105.7877274,18.53310776,69.46283722,142.1126251,0.1751914769,110.5384674,21.07704163,69.2274704,151.849472,0.1906760782,0.7119511962,0.1077493802,0.500762403,0.9231399298,0.1513437778,0.7119511962,0.1077493802,0.500762403,0.9231399298,0.1513437778,0.4422845244,0.1095867753,0.2274944335,0.6570745707,0.2477743924,148.5884552,0.1546535939,1.115835468,1.421421731,1.066087555,0.4761327563,0.9203547835,0.9575589895,0.880687356,0.6213819981,1.379755855,1.346368551,-1.359420925,0.3760294534,2.094868749,0.6147529283,0.2913055445,0.1926981578,0.9263118517
34,NJ,New Jersey,2016,139.1007233,13.91599464,111.8253784,166.3760834,0.1000425667,146.7088928,14.00439548,119.2602692,174.1575012,0.09545703232,0.7804967165,0.04161207005,0.6989370584,0.8620563745,0.05331485346,0.8108093143,0.04095878825,0.7305300832,0.8910885453,0.05051593482,0.3945056796,0.04844044149,0.2995624244,0.4894489348,0.1227876917,178.2207642,0.04313143715,0.01716041565,0.02186002022,-0.8456411288,0.2965373422,0.8473547101,0.8756734729,0.8835222125,-0.9087046981,-0.4477558732,1.407941818,-0.2834662046,-0.3690824377,-0.4620272356,0.3276162718,0.04465046689,0.3299342228,0.6623114578
34,NJ,New Jersey,2017,143.7141571,11.89608669,120.3978348,167.0304871,0.08277601749,149.4627075,11.62378407,126.6800919,172.2453308,0.07777046412,0.7970094681,0.0347978659,0.7288056612,0.8652133346,0.04366054013,0.8522183299,0.02815544419,0.7970336676,0.9074029922,0.03303783014,0.4460419118,0.04634456336,0.3552065492,0.5368772745,0.1039018109,180.3167572,0.04480497539,0.4485636768,0.5714087562,-0.8169530982,0.3495766356,0.8867273927,0.8953996897,0.8848439455,-0.0834504962,-0.00750839198,1.436649919,-0.201549006,-0.149031116,-0.09603981506,0.3687162637,0.04835185427,0.3403826123,0.7659732554
34,NJ,New Jersey,2018,140.4761658,14.93461609,111.2043152,169.7480011,0.1063142344,152.7360382,14.46401978,124.3865585,181.0855103,0.09469945729,0.7577139139,0.04545912892,0.6686140299,0.846813798,0.05999510735,0.8144382834,0.03799493238,0.7399681807,0.8889083266,0.0466517061,0.4916664362,0.04954029992,0.39456743,0.5887653828,0.1007599756,185.3947144,0.0454740189,0.5989318937,0.7629572932,-0.8054842591,0.3737109975,0.9084051847,0.9010564685,0.878881216,0.3709175587,0.1187389642,1.307139158,-0.1041778646,-0.04890161015,0.01121926138,0.3807613421,0.04983158694,0.3528021241,0.8021052021
34,NJ,New Jersey,2019,156.2852631,11.83905411,133.080719,179.4898071,0.0757528469,161.6827698,11.79589844,138.5628052,184.8027191,0.07295706123,0.8702350855,0.02756616101,0.8162053823,0.924264729,0.03167668357,0.8830800653,0.02570557781,0.8326971531,0.933463037,0.0291089993,0.4811361134,0.04645096883,0.3900922239,0.5721800327,0.0965443328,179.5897217,0.04804528505,0.6960483889,0.8866704219,-0.7614072489,0.4085743397,0.914391458,0.9105981588,0.8767139316,0.4963902831,0.331689328,1.260065556,0.1619588467,0.09574067325,0.04209778541,0.384228967,0.0555184914,0.3867473769,0.825441304
34,NJ,New Jersey,2021,130.6500854,16.1231823,99.04864502,162.2515106,0.1234073639,143.1598053,16.83700752,110.1592636,176.1603394,0.1176098809,0.7164729238,0.04113527387,0.6358478069,0.7970980406,0.05741357431,0.7690404058,0.03925673291,0.692097187,0.8459835649,0.05104638636,0.3501329124,0.04478498921,0.2623543143,0.4379114807,0.1279085428,182.3517303,0.2218732089,1.111616055,1.416046776,2.218375762,0.6462442467,0.9435994029,0.9392057061,0.8765317202,1.108590841,0.9701493979,1.256107926,-0.3890402318,1.081794102,2.560270483,0.6670170401,0.4399760853,0.3164684479,0.9252979699
34,NJ,New Jersey,2022,126.2527618,16.81352615,93.29824829,159.2072754,0.1331735253,133.3697662,17.58374596,98.90562439,167.8339081,0.1318420619,0.711709857,0.05890083686,0.5962642431,0.8271555305,0.08275961876,0.7165535092,0.05816676095,0.6025466919,0.8305603862,0.08117573708,0.3880648315,0.05277909338,0.2846178114,0.4915118515,0.1360058635,177.3935852,0.1660248935,1.182220618,1.50598733,1.261015991,0.553154548,0.9473953247,0.9504523873,0.8710643649,1.188153625,1.22115159,1.137356639,-0.6802626497,0.6955802239,2.072169931,0.6122038755,0.3164556033,0.2793235589,0.9422635252
34,NJ,New Jersey,2023,148.5263977,18.6001606,112.0700912,184.9827118,0.1252313405,162.581543,19.81558609,123.7429962,201.4200897,0.1218809038,0.7437326908,0.05674399063,0.6325144768,0.8549509645,0.07629621774,0.7906622887,0.05110765994,0.6904913187,0.8908333182,0.06463905424,0.5605052114,0.05780079588,0.4472156763,0.673794806,0.1031226739,199.70401,0.1391863376,1.127292792,1.436016795,0.8009456455,0.5803843752,0.9492447376,0.9563512802,0.8556317091,1.226917505,1.352802396,0.8021584749,0.1886944808,0.808552307,1.44884278,0.54220491,0.2570964025,0.3901574583,0.9290649296
35,NM,New Mexico,2016,108.7262573,16.26381493,76.84918213,140.6033325,0.1495849788,111.5363083,16.17595673,79.83143616,143.2411804,0.145028621,0.6445167065,0.07112704217,0.5051077008,0.7839256525,0.1103571802,0.6607339382,0.07160943002,0.5203794241,0.8010883927,0.1083786115,0.3226824701,0.05645767599,0.2120254338,0.4333395064,0.1749635637,168.6942444,0.04538550228,-2.038760146,-2.597101512,-0.8070016236,0.005162901768,0.7866015434,0.7772756815,0.7592895627,-2.182095289,-2.643786669,-1.290398479,-1.329738344,-1.57794716,-1.886238094,0.1676789311,0.04963581352,0.196484117,0.168294745
35,NM,New Mexico,2017,114.0904541,21.46166801,72.02558136,156.1553192,0.1881109923,118.5889053,21.34534264,76.75202942,160.4257812,0.1799944341,0.6649588346,0.06509195268,0.5373786092,0.7925390601,0.09788870066,0.7158051729,0.07563390583,0.5675626993,0.8640475869,0.1056627035,0.346919924,0.08416767418,0.1819512844,0.5118885636,0.2426141202,171.5752106,0.05117647722,-1.483441194,-1.889701139,-0.7077319069,0.08682937261,0.834061563,0.7979096174,0.7689896226,-1.187330008,-2.183280945,-1.079712629,-1.119946089,-1.239126378,-1.405787157,0.2216330522,0.06244379192,0.2232427369,0.3017322173
35,NM,New Mexico,2018,158.2245941,20.51846123,118.0084076,198.4407806,0.1296793371,174.5902557,24.5719738,126.429184,222.7513123,0.1407408118,0.8936654329,0.04378085956,0.8078549504,0.9794759154,0.04899021238,0.8936654329,0.04378085956,0.8078549504,0.9794759154,0.04899021238,0.5967643261,0.08130681515,0.4374029636,0.7561256886,0.1362461001,177.0512695,0.04922851548,-1.328782658,-1.692687322,-0.7411241445,0.2338170336,0.8536403179,0.8082867265,0.7607948184,-0.7769579291,-1.951685786,-1.257704258,0.5459153608,-0.6292987018,-1.809987876,0.1762417482,0.05813545831,0.435720331,0.338895084
35,NM,New Mexico,2019,140.8960571,28.38893127,85.25375366,196.5383606,0.2014884651,145.0355835,28.47469521,89.22517395,200.8459778,0.1963290423,0.7177496552,0.08790241927,0.5454609394,0.8900383711,0.1224694699,0.7177496552,0.08790241927,0.5454609394,0.8900383711,0.1224694699,0.335790813,0.07224795967,0.1941848099,0.477396816,0.215157643,196.3025055,0.0507963188,-1.134368141,-1.445029825,-0.7142486368,0.185239216,0.8672261238,0.8284670711,0.7538013458,-0.4921984673,-1.501303077,-1.40960288,-0.3332418168,-0.8308400929,-1.352354915,0.2276334354,0.06160299034,0.3235854341,0.3856109066
35,NM,New Mexico,2021,134.5920258,24.67639542,86.22629547,182.9577637,0.1833421737,142.4170837,24.45578957,94.48373413,190.3504333,0.1717195064,0.6215561628,0.08057089895,0.4636371732,0.7794750929,0.1296277046,0.6480553746,0.08070351183,0.4898764789,0.8062342405,0.1245318204,0.3846374154,0.06417491287,0.2588545978,0.5104202628,0.1668452173,216.5404205,0.1501358449,-0.1411358317,-0.1797877429,0.988643659,0.4174523376,0.8993712068,0.8884532452,0.7983301878,0.1815647334,-0.1625383645,-0.4424338639,-0.4111338278,0.1325740294,0.6654106638,0.4542263297,0.2813135775,0.31365045,0.6242744863
35,NM,New Mexico,2022,162.3426514,30.25330925,103.0461655,221.6391449,0.186354652,166.7656403,29.96142769,108.0412445,225.490036,0.17966187,0.808449626,0.04717256874,0.7159913778,0.9009078741,0.05834942311,0.8599012494,0.04373659194,0.7741775513,0.9456250072,0.05086234212,0.5224400759,0.1097961292,0.3072396815,0.7376405001,0.2101602256,200.8073883,0.1183526665,-0.1055722988,-0.1344846674,0.4438118905,0.435510669,0.9011290669,0.896097362,0.7936913967,0.2184096128,0.008062181994,-0.5431886911,0.313158022,0.2074950817,0.1083199673,0.3916656464,0.2110182875,0.4060325563,0.6328200401
35,NM,New Mexico,2023,113.3509064,18.64864731,76.79956055,149.9022522,0.1645213813,123.992897,19.09282684,86.570961,161.4148407,0.1539832205,0.7010804415,0.0819260776,0.54050529,0.8616555333,0.1168568954,0.7438011169,0.08094442636,0.585150063,0.9024522305,0.1088253632,0.4174449444,0.09439380467,0.2324330658,0.6024568081,0.2261227667,161.6803284,0.1090244055,0.0618818899,0.07882906024,0.2839055125,0.3375759469,0.9036902189,0.9205293059,0.7892444134,0.2720915377,0.5533315539,-0.639777422,-0.9591945829,-0.1988200034,0.5396396751,0.4401023836,0.1903868451,0.2437462988,0.6730575713
36,NY,New York,2016,140.1451569,9.468491554,121.5869217,158.7034149,0.06756202877,147.7643738,9.448666573,129.2449799,166.2837524,0.06394414604,0.7844805717,0.0252582375,0.7349744439,0.8339866996,0.03219740093,0.8339030743,0.02268948592,0.7894316912,0.8783744574,0.02720878087,0.4137963653,0.03043933585,0.3541352451,0.4734574556,0.07356114686,178.6470795,0.04385484755,-0.6706821918,-0.8543573605,-0.8332403248,0.2296575861,0.7966750264,0.8507356048,0.8630472422,-1.970954418,-1.004316449,0.9632242918,-0.2520690146,-0.6465555667,-1.056872626,0.2608157771,0.04625044355,0.3339388772,0.4970299045
36,NY,New York,2017,128.1984711,8.822125435,110.9070969,145.4898376,0.0688161552,139.6700745,9.127303123,121.7805634,157.5595856,0.06534902006,0.7013191581,0.0325514935,0.6375182271,0.7651200891,0.04641466588,0.739579916,0.03084523976,0.6791232228,0.8000365496,0.04170643166,0.3972458839,0.03295615315,0.3326518238,0.4618399441,0.082961604,182.7961884,0.04366007447,-0.2275263071,-0.2898373899,-0.8365791527,0.2553998733,0.8453131318,0.8656529784,0.86199224,-0.9514963627,-0.6713921428,0.9403095841,-0.4928485869,-0.5397550432,-0.6022997142,0.311863824,0.04581966127,0.3032278813,0.6035157374
36,NY,New York,2018,140.4471588,10.44324207,119.9784012,160.9159088,0.07435709238,152.1012573,11.58794975,129.3888702,174.8136444,0.07618576288,0.772659421,0.03058485687,0.7127130628,0.8326057196,0.03958388045,0.795568049,0.03178659081,0.7332663536,0.8578697443,0.03995458409,0.4466316998,0.03972356766,0.36877352,0.5244898796,0.0889403224,181.7711029,0.04596077651,-0.00856462121,-0.01091015739,-0.7971401909,0.3106888135,0.8723682165,0.8796786666,0.8517153263,-0.3844198585,-0.3583684266,0.7170944214,-0.12306057,-0.3103703061,-0.5014645102,0.3231875085,0.05090815539,0.3503936694,0.6561299942
36,NY,New York,2019,140.1786804,10.41015911,119.7747726,160.5825958,0.07426349819,151.7902679,10.46583748,131.2772217,172.303299,0.06894933432,0.7349075675,0.03254192695,0.671125412,0.798689723,0.04428029805,0.7606356144,0.03073417395,0.7003965974,0.8208745718,0.04040591046,0.4656590223,0.03356170654,0.3998780847,0.53143996,0.07207357138,190.7432861,0.04819851369,0.1400226454,0.1783696926,-0.7587805817,0.328234982,0.8864859343,0.8901321292,0.8478734493,-0.08851148188,-0.1250692159,0.633648634,-0.1323115116,-0.2375741336,-0.344806891,0.3407799898,0.05585738928,0.3492137286,0.6918339968
36,NY,New York,2021,147.4520264,10.97684479,125.9374161,168.9666443,0.07444349676,161.6204376,11.41830444,139.2405548,184.0003052,0.07064889371,0.7457690835,0.03332332149,0.6804553866,0.8110827804,0.04468316585,0.8129076362,0.0288578812,0.7563462257,0.8694691062,0.0354995802,0.4595701098,0.03824457526,0.3846107423,0.5345294476,0.08321814984,197.7180786,0.1958473176,0.7445857922,0.9485004336,1.772236229,0.6169556306,0.9233950377,0.9261977673,0.8587004542,0.6851059198,0.6798396707,0.8688117862,0.1601046641,0.9602804421,1.775922225,0.5789355783,0.382414266,0.3865108793,0.8371043463
36,NY,New York,2022,137.272049,13.01546097,111.7617493,162.7823486,0.09481508285,144.0335999,13.11135006,118.33535,169.731842,0.09102980793,0.7826334834,0.03003716469,0.7237606049,0.8415063024,0.03837960586,0.8173145056,0.02895372547,0.7605652213,0.8740637898,0.03542543948,0.364328891,0.0408254303,0.2843110561,0.4443467259,0.1120565236,175.3976288,0.1444979161,0.7538187106,0.9602619085,0.8919974804,0.5051467905,0.9283486605,0.9321557879,0.84907341,0.7889342308,0.8128100634,0.6597118378,-0.3630476324,0.4964039188,1.358106624,0.5320153377,0.2688440932,0.3197837567,0.8393229223
36,NY,New York,2023,133.3110657,12.92761803,107.9729385,158.6492004,0.09697332233,149.9297028,13.65057373,123.1745834,176.6848297,0.09104648978,0.6751996875,0.04156453162,0.5937331915,0.7566661835,0.06155886874,0.7452228665,0.03933317587,0.6681298018,0.8223158717,0.05278042331,0.4941100776,0.04415289313,0.4075703919,0.5806497335,0.08935841173,197.4394684,0.1243986562,0.8334861398,1.061747314,0.5474531063,0.4997100265,0.9356699586,0.9461479783,0.8386347294,0.9423891306,1.125086188,0.4329831004,-0.187657388,0.4738476775,1.142573232,0.5078111706,0.2243902855,0.3421544629,0.8584661919
37,NC,North Carolina,2016,161.605957,13.34614468,135.447525,187.7644043,0.08258448541,167.7652283,13.59350872,141.1219482,194.4085083,0.08102697134,0.7949459553,0.03356846422,0.7291517258,0.8607401252,0.0422273539,0.8233621716,0.0308449436,0.7629060745,0.8838182688,0.03746218234,0.4173504114,0.03987750411,0.3391905129,0.4955103397,0.09554921836,203.2917633,0.05349348485,-0.9150539537,-1.165653554,-0.6680134324,0.2657233089,0.818336904,0.8292111158,0.830507338,-1.516919971,-1.48469758,0.2564556897,0.3428925752,-0.4969248035,-1.341447073,0.2288583742,0.06756834935,0.4098251445,0.438309866
37,NC,North Carolina,2017,118.1425934,9.334715843,99.84654999,136.4386292,0.07901228219,141.7847137,11.95382023,118.355217,165.2142029,0.0843096599,0.7057387829,0.04034089297,0.6266706586,0.7848069668,0.05716122314,0.8079144359,0.03097321652,0.7472069263,0.8686219454,0.03833724931,0.434938699,0.04373235255,0.3492232859,0.5206540823,0.1005483121,167.40271,0.06023990735,-0.6038629959,-0.7692388462,-0.5523652977,0.2447716845,0.8441879153,0.8514117599,0.8257312179,-0.9750809669,-0.9892261028,0.1527180821,-0.429944817,-0.5838496536,-0.7566979132,0.2945250731,0.08248950416,0.3112511426,0.5130858748
37,NC,North Carolina,2018,157.9692535,12.56920147,133.3336182,182.6048889,0.0795673877,167.1757507,12.49557686,142.6844177,191.6670837,0.07474515587,0.7756744623,0.03538166359,0.7063264251,0.8450224996,0.04561406001,0.8104407787,0.03372865543,0.7443326712,0.8765489459,0.04161766917,0.496550113,0.04822934046,0.4020206034,0.5910795927,0.0971288532,203.654068,0.06013192609,-0.3151236723,-0.4014244492,-0.5542163279,0.3348584563,0.8715823293,0.8648161292,0.8254030347,-0.4008921087,-0.690068841,0.1455899328,0.3253574997,-0.2100944258,-0.7424875059,0.2961208864,0.08225068052,0.4075885775,0.5824669853
37,NC,North Carolina,2019,162.3408203,13.8863945,135.1234741,189.5581512,0.08553852886,169.1421509,13.84648132,142.0030518,196.28125,0.08186298609,0.8249970078,0.03137740865,0.763497293,0.8864967227,0.03803335875,0.8618267775,0.02598383278,0.8108984232,0.9127550721,0.03014971688,0.4868955314,0.04059909284,0.4073213041,0.5664697289,0.08338358253,196.7774506,0.06764303148,-0.1087370416,-0.1385161167,-0.4254598903,0.3710259433,0.8837305307,0.878538847,0.8280858397,-0.1462649405,-0.3838067949,0.2038606107,0.3838516284,-0.06004145951,-0.4965766295,0.3237364122,0.09886309493,0.4150493971,0.6320595847
37,NC,North Carolina,2021,156.3605957,12.68573761,131.4965515,181.2246399,0.08113129437,161.2373505,12.72529602,136.2957611,186.1789246,0.07892275602,0.7680216432,0.03821473196,0.6931207776,0.8429225087,0.04975736141,0.7751616836,0.03742656857,0.7018055916,0.8485177159,0.04828227684,0.4964534342,0.04982379079,0.3987987936,0.5941080451,0.1003594473,203.5887909,0.1894928068,0.6231796443,0.7938456103,1.6633063,0.5948626563,0.927002728,0.9130545855,0.8519551754,0.7607233524,0.3865115941,0.7223039865,0.1487090437,0.8686203182,1.601990724,0.5594032586,0.3683599077,0.3850573887,0.807931689
37,NC,North Carolina,2022,170.2254791,16.14768791,138.576004,201.874939,0.09486058354,179.5996399,16.4739666,147.3106537,211.8886108,0.09172605723,0.7748357654,0.04533464089,0.6859799027,0.8636916876,0.05850870907,0.8015726209,0.04292069376,0.7174480557,0.885697186,0.05354560912,0.5037434697,0.04759006202,0.4104669094,0.5970199704,0.09447281808,219.6923218,0.167883873,0.7811800043,0.9951164534,1.292882882,0.6251576552,0.9382410049,0.9287606478,0.8467949629,0.9962784648,0.7370377183,0.6102238297,0.6949285523,0.9943092958,1.322043965,0.5279655401,0.3205671336,0.4547266922,0.8458975617
37,NC,North Carolina,2023,155.800705,16.1298275,124.1862488,187.4151764,0.1035285816,168.9534607,15.45834637,138.6551056,199.2518311,0.0914947018,0.7080084085,0.03583957255,0.6377628446,0.7782539725,0.05062026903,0.7688087225,0.0327697657,0.704580009,0.8330374956,0.04262407869,0.4946158528,0.03526239097,0.4255015552,0.5637301207,0.07129248232,220.0548859,0.1604916155,0.876897037,1.117046858,1.166163752,0.5993288371,0.9415429235,0.9430279136,0.8421691656,1.065486908,1.055452943,0.5097512603,0.3782386976,0.8871497695,1.41799499,0.5387407365,0.3042175768,0.414333478,0.8688973871
38,ND,North Dakota,2016,164.6700134,41.51533508,83.29995728,246.0400696,0.2521122992,178.399231,42.02179337,96.03652191,260.7619629,0.2355491817,0.7582018971,0.1205911785,0.521843195,0.9945606589,0.1590489,0.8556776047,0.08767023683,0.6838439107,1.027511239,0.1024570912,0.6043974757,0.1390437484,0.331871748,0.8769232035,0.2300534844,217.1849213,0.04848911986,-0.4753826062,-0.6055724066,-0.7537989694,0.3292450036,0.8252909184,0.8566954136,0.8562837839,-1.371163368,-0.8713060617,0.8163216114,0.6592202175,-0.2333837195,-1.117260448,0.25403429,0.05650012692,0.4501721591,0.5439584002
38,ND,North Dakota,2017,186.792923,68.91329193,51.72286606,321.8629761,0.3689288199,193.4170532,70.34577179,55.53933334,331.2947693,0.3636999428,0.6390820146,0.1357309967,0.3730492592,0.9051147699,0.2123843133,0.655733943,0.1359443814,0.389282912,0.9221848845,0.2073163837,0.3860399127,0.1379157752,0.1157250032,0.6563548446,0.3572578132,292.2831726,0.04262981564,-0.005968252818,-0.007602739257,-0.8542399962,0.4051105364,0.863507688,0.8695396781,0.87104249,-0.5701371431,-0.5846492052,1.13688159,1.105952502,0.08136992203,-0.9175384031,0.2764628598,0.04354102373,0.5071520484,0.656753875
38,ND,North Dakota,2018,172.0449677,26.6094532,119.8904419,224.1994934,0.1546656936,181.3902893,26.29775429,129.8466797,232.9338837,0.1449788511,0.8450604081,0.0945494175,0.6597435474,1.030377269,0.11188481,0.8450604081,0.0945494175,0.6597435474,1.030377269,0.11188481,0.677051723,0.1264402419,0.4292288423,0.9248746037,0.1867512316,203.5889587,0.03499709815,0.013185064,0.01679596607,-0.9850811258,0.3678149121,0.8816950917,0.8731658459,0.8524109721,-0.1889278889,-0.50372082,0.7322039008,0.7481946576,-0.0733635007,-0.8776872271,0.2809381038,0.02665963818,0.4615206869,0.6613562214
38,ND,North Dakota,2019,148.1417389,35.89788818,77.78188324,218.5016022,0.242321223,155.1393127,36.53961563,83.52166748,226.756958,0.2355277687,0.77396065,0.1424467415,0.4947650135,1.053156257,0.1840490848,0.8711749911,0.09366007894,0.6876012683,1.054748774,0.1075100601,0.4969957471,0.1410243511,0.2205880135,0.7734034657,0.2837536335,191.4073334,0.04036642984,0.14996774,0.1910383825,-0.8930392778,0.3264701004,0.8939816952,0.8878929019,0.844314456,0.06860019267,-0.1750440449,0.5563470721,-0.03268811702,-0.2448963374,-0.4566723621,0.3282176183,0.03853506243,0.3619205112,0.6942237014
38,ND,North Dakota,2021,206.8662262,57.95131683,93.28164673,320.4508057,0.2801390886,210.433075,57.7593689,97.22471619,323.6414185,0.2744785547,0.8562639356,0.07428955287,0.7106564045,1.001871467,0.0867601037,0.8562639356,0.07428955287,0.7106564045,1.001871467,0.0867601037,0.4744203091,0.1219805479,0.2353384495,0.7135021687,0.257114917,241.5916595,0.09503549337,0.858122468,1.093130626,0.04410559018,0.6063920033,0.9338464737,0.925434649,0.8650806546,0.9041687846,0.6628084779,1.007390141,1.612124843,0.9164536862,0.2710454745,0.4099395451,0.1594473771,0.5717134086,0.8643860499
38,ND,North Dakota,2022,149.0177612,43.11283875,64.51660156,233.5189362,0.2893134058,152.6622925,43.72751999,66.95635223,238.3682404,0.2864330113,0.5717082024,0.1361805201,0.3047943711,0.8386220336,0.2381993532,0.6316754818,0.1353408247,0.3664074838,0.8969435096,0.2142568827,0.4069969952,0.1260251254,0.1599877477,0.6540062428,0.3096463382,260.6535339,0.084190391,0.7902226448,1.00663554,-0.1418026982,0.4464355033,0.9228127003,0.9398144484,0.8515743613,0.6729000807,0.9837352037,0.71403265,-0.1063715646,0.2528204258,0.6199789364,0.4491243959,0.1354611161,0.3525223216,0.8480704159
38,ND,North Dakota,2023,150.0161591,49.32727051,53.33470917,246.6976013,0.3288130462,150.0161591,49.32727051,53.33470917,246.6976013,0.3288130462,0.7519196272,0.1597545296,0.4388007224,1.065038562,0.2124622613,0.7519196272,0.1597545296,0.4388007224,1.065038562,0.2124622613,0.4212084711,0.1314645261,0.1635380238,0.678878963,0.3121127188,199.5108948,0.08366896957,0.8991452456,1.145388032,-0.1507409786,0.4505410877,0.9337861538,0.9304829836,0.8656176925,0.9029044509,0.7754766345,1.019054651,-0.185085589,0.2698538216,0.7323312461,0.4617414388,0.1343078811,0.3424824912,0.8742434044
39,OH,Ohio,2016,145.95578,11.71740723,122.9896622,168.9219055,0.08028052747,155.9849243,11.57829571,133.2914581,178.6783905,0.07422702014,0.8033659458,0.03821689263,0.7284608483,0.8782711029,0.04757096246,0.817691505,0.03575291112,0.7476157546,0.8877671957,0.04372420534,0.475209862,0.03949051723,0.3978084624,0.5526112914,0.08310121298,181.6803131,0.04320687801,-0.8862192581,-1.128922096,-0.844347911,0.2263524679,0.8149055243,0.8386764526,0.8280754685,-1.588841915,-1.273451209,0.2036353499,-0.007533871449,-0.6602679595,-1.325881476,0.2306063739,0.04481732045,0.3651288894,0.4452385488
39,OH,Ohio,2017,148.1904907,14.2663002,120.2285385,176.1524353,0.09627001733,159.8238373,13.18185616,133.9873962,185.6602631,0.08247741312,0.7644582391,0.0535963513,0.6594094038,0.8695070744,0.07011023909,0.8596313,0.03460916132,0.7917973399,0.92746526,0.0402604714,0.4690975547,0.04437966645,0.3821133971,0.5560817122,0.09460648149,193.8503418,0.04218260199,-0.5076677253,-0.6466992315,-0.8619061963,0.2728602925,0.8475471735,0.8611180186,0.8258026838,-0.9046706557,-0.7726028562,0.154270336,0.1066615376,-0.4673146301,-1.046347749,0.2619977095,0.04255191519,0.3796943058,0.5362006158
39,OH,Ohio,2018,161.6764221,11.40863895,139.3154907,184.0373535,0.0705646351,171.9693756,10.15608501,152.0634613,191.8753052,0.05905751884,0.8141454458,0.03683095053,0.7419567704,0.8863340616,0.04523878545,0.8549236059,0.02719235979,0.8016265631,0.9082206488,0.03180677071,0.4899263084,0.03585394472,0.4196525812,0.5602000356,0.07318232208,198.5842133,0.04343253374,-0.2823424712,-0.3596656837,-0.8404796883,0.3266706532,0.8689489961,0.874915421,0.8220947385,-0.4560869634,-0.464673996,0.07373354584,0.4679525413,-0.2440642769,-0.9494185749,0.272882751,0.04531640632,0.4257763154,0.5903439731
39,OH,Ohio,2019,144.7402496,11.34025478,122.5133514,166.9671478,0.07834900916,150.4836731,11.31934834,128.2977448,172.6696014,0.07521978021,0.7423116565,0.03438583389,0.6749154329,0.80970788,0.04632264003,0.7770639658,0.0326095745,0.7131491899,0.8409787416,0.04196511209,0.5020314455,0.0436447598,0.4164877236,0.5875751972,0.08693630248,194.9858246,0.04679395258,-0.09923111647,-0.1264068686,-0.782857768,0.2986908891,0.8874216676,0.8799763322,0.8243597746,-0.06889844686,-0.3517251611,0.1229302585,-0.1711785384,-0.360147725,-0.5552639137,0.3171458936,0.0527509023,0.3442563102,0.6343437614
39,OH,Ohio,2021,140.9029541,9.986314774,121.3297806,160.4761353,0.07087370753,150.765274,9.80116272,131.5549927,169.9755554,0.0650094226,0.8475294113,0.02964577079,0.7894237041,0.9056351185,0.03497904539,0.874237597,0.02569901012,0.8238675594,0.9246076941,0.02939590998,0.4503751695,0.04539143667,0.3614079356,0.5393424034,0.1007858366,166.2514038,0.1488913149,0.5377841294,0.6850634069,0.9673097472,0.5051756813,0.9195410609,0.9144766331,0.8458996415,0.6043263078,0.4182486832,0.5907773972,-0.1628018088,0.4965237818,1.160060536,0.5097749759,0.2785610333,0.3453247468,0.7874120189
39,OH,Ohio,2022,139.0648041,13.98840141,111.6475296,166.4820709,0.1005890891,146.3923187,14.15548229,118.6475754,174.1370544,0.09669552743,0.7153283954,0.05322009698,0.6110169888,0.819639802,0.07439953089,0.7385382652,0.05147516355,0.6376469731,0.8394296169,0.06969870627,0.4505841732,0.04778221622,0.3569310308,0.5442373157,0.1060450375,194.4069366,0.1313003302,0.700694263,0.89258863,0.6657625838,0.4871703569,0.9266745448,0.930368185,0.8451881409,0.7538446188,0.7729145885,0.5753235817,-0.2928832737,0.4218226467,1.1395431,0.5074708901,0.2396548121,0.3287330928,0.8265576601
39,OH,Ohio,2023,146.3964386,9.388007164,127.9959412,164.796936,0.06412729621,155.0017242,9.767356873,135.8577118,174.145752,0.06301449984,0.7929632068,0.0321460925,0.7299568653,0.8559695482,0.04053919762,0.8214063048,0.03316110745,0.7564105392,0.8864020705,0.0403711386,0.6027186513,0.03632710874,0.5315175056,0.6739197969,0.06027208269,184.6194611,0.1198987514,0.7537358701,0.960156381,0.4703150976,0.497472251,0.9304941297,0.9393636584,0.8395853043,0.8339034319,0.9736745358,0.4536296427,-0.03678093582,0.4645635143,0.9756030987,0.489060605,0.2144377845,0.3613984796,0.8393030166
40,OK,Oklahoma,2016,148.0057373,16.5500679,115.5676041,180.4438629,0.1118204445,158.264801,16.94421196,125.0541458,191.4754486,0.1070624143,0.7866286039,0.0455609411,0.6973291636,0.8759281039,0.05791925266,0.812087357,0.04472891241,0.7244186401,0.8997560143,0.05507894233,0.5103004575,0.05424395576,0.4039823115,0.6166186333,0.1062980667,188.1519775,0.04236175492,-1.664568583,-2.120432653,-0.8588351312,0.1509756027,0.8412227035,0.814253509,0.7202677727,-1.037232041,-1.818519711,-2.137953997,0.06028518458,-0.9729941999,-2.028024907,0.1517564253,0.04294815019,0.3737790865,0.2582091556
40,OK,Oklahoma,2017,172.8392029,18.38010597,136.8141937,208.864212,0.1063422263,189.0291138,24.70475578,140.6077881,237.4504395,0.1306928694,0.732298255,0.06126462296,0.6122195721,0.8523769379,0.08366075158,0.7573328614,0.06042514369,0.6388995647,0.8757661581,0.0797867775,0.4788198769,0.05561060458,0.3698230982,0.5878166556,0.1161409691,236.0229645,0.04300075769,-1.312082211,-1.671413238,-0.8478812547,0.2614574717,0.8785437346,0.8310072422,0.7157235742,-0.2549805641,-1.444611788,-2.236654282,0.9754253066,-0.5146230619,-1.999716846,0.1549353899,0.04436144134,0.4905035424,0.3429080307
40,OK,Oklahoma,2018,111.0748291,10.81723881,89.87303925,132.2766266,0.09738694876,118.7743301,11.09957123,97.01917267,140.52948,0.09345092624,0.7112813592,0.05203904957,0.6092848182,0.8132779002,0.07316239923,0.7454487085,0.05866002291,0.6304750443,0.8604223132,0.0786908865,0.3795085847,0.0553717576,0.2709799409,0.4880372286,0.1459038258,156.1615906,0.04089449719,-1.117493279,-1.423533559,-0.8839870721,0.1105652045,0.8960695267,0.8486588001,0.7075504661,0.1123612896,-1.050666332,-2.414174795,-1.114430293,-1.140650308,-1.209447456,0.2436817886,0.0397029962,0.2239462667,0.3896657636
40,OK,Oklahoma,2019,138.8658142,15.37922192,108.7225342,169.009079,0.1107488051,147.6874847,15.9897213,116.3476334,179.0273438,0.10826727,0.7576841712,0.05321256816,0.6533875465,0.8619807959,0.07023053616,0.8517599702,0.0454264991,0.7627239823,0.9407958984,0.05333251134,0.4993644953,0.06667181104,0.3686877489,0.6300412416,0.1335133165,183.2766418,0.04441997036,-0.9835955997,-1.252966234,-0.8235529092,0.1982263867,0.9042205811,0.8619127274,0.7045599818,0.2832079828,-0.7548666596,-2.479128122,-0.2543562181,-0.7769584536,-1.319652663,0.2313058629,0.04750033339,0.3336471486,0.4218400085
40,OK,Oklahoma,2021,169.4239502,31.82763863,107.0417786,231.8061218,0.1878579706,216.5046844,27.25664902,163.081665,269.9277344,0.1258940399,0.824652493,0.0503023304,0.7260599136,0.9232450128,0.06099821627,0.8729654551,0.03913131356,0.7962681055,0.9496628642,0.04482572898,0.5068492889,0.06391619891,0.3815735281,0.63212502,0.1261049509,205.4488983,0.106840007,-0.1893453399,-0.2412000611,0.246460243,0.5299556996,0.9277880192,0.9045460224,0.7477132082,0.7771831155,0.1966184378,-1.541837573,1.792735848,0.59933201,-0.5534058273,0.3173545547,0.1855555812,0.5947500134,0.6126902339
40,OK,Oklahoma,2022,207.2378693,25.04761696,158.1445312,256.3312073,0.1208640933,212.4358215,24.1611824,165.0799103,259.791748,0.1137340292,0.7804836631,0.04436105862,0.6935359836,0.8674313426,0.0568379052,0.808342278,0.04395911843,0.7221823931,0.8945021033,0.05438181385,0.6018680334,0.06348134577,0.4774445891,0.7262914777,0.1054738611,265.5249329,0.09612510353,-0.0003220637639,-0.0004102668367,0.06278384261,0.5248199383,0.9327720404,0.9155758023,0.7576783299,0.8816486001,0.442779839,-1.32539463,1.671700162,0.5780245792,-0.4755067805,0.3261025334,0.1618572828,0.5793121321,0.6581105966
40,OK,Oklahoma,2023,163.6393433,18.04345322,128.2741699,199.0045013,0.1102635488,168.8296661,18.6711483,132.2342072,205.4251099,0.1105916351,0.7612715364,0.05470060557,0.6540583372,0.8684847355,0.07185426354,0.7675064802,0.0545941405,0.6605019569,0.8745110035,0.0711318329,0.628105402,0.05575977638,0.5188162327,0.7373945713,0.08877455443,214.9552917,0.09468409419,0.2187776168,0.278692752,0.03808185536,0.441041985,0.9392977953,0.9311072826,0.765684247,1.018428802,0.7894096375,-1.151505589,0.3745562047,0.230443604,0.09829540298,0.3905398987,0.1586701828,0.4138637827,0.7107580121
41,OR,Oregon,2016,148.3285065,15.02718067,118.8752289,177.7817688,0.1013101339,158.3877258,16.04533958,126.9388657,189.8365936,0.1013041809,0.8113442063,0.03559437394,0.7415792346,0.8811091781,0.0438708663,0.8304027915,0.03593252227,0.7599750161,0.9008305073,0.04327119514,0.4516169727,0.05205594376,0.3495873213,0.5536466241,0.1152656972,182.818222,0.06669703871,-0.4414559454,-0.5623544821,-0.441676233,0.3099674874,0.8374273181,0.8788733482,0.8264696598,-1.1167835,-0.3763414323,0.1687570959,0.06394180522,-0.3133629699,-0.6954788979,0.3013999023,0.0967708298,0.3742454818,0.5521106303
41,OR,Oregon,2017,163.216217,36.57994843,91.51951599,234.9129181,0.2241195738,179.4894409,36.99383545,106.981514,251.9973602,0.2061059326,0.7746220827,0.06304401159,0.6510558128,0.8981883526,0.08138679713,0.813803792,0.05830753967,0.6995210052,0.9280865788,0.07164815068,0.4238696694,0.06357102841,0.2992704511,0.5484688878,0.1499777734,210.7043152,0.07345804572,-0.03429440161,-0.04368637762,-0.3257780885,0.411383481,0.8748159409,0.8974999785,0.8274875879,-0.3331153691,0.03936561942,0.1908665448,0.6916504845,0.1073953395,-0.4610274226,0.3277285497,0.1117242414,0.4543085806,0.6499473908
41,OR,Oregon,2018,126.076828,14.77248383,97.12276459,155.030899,0.1171704829,135.5736847,16.18155289,103.8578415,167.2895203,0.1193561479,0.7162974477,0.06710747629,0.5847668052,0.8478280902,0.09368661046,0.7447637916,0.06262790412,0.622013092,0.8675144911,0.08409096301,0.4050677121,0.06217429787,0.2832061052,0.5269293189,0.1534911245,176.0118408,0.07591522485,0.1547212411,0.1970936926,-0.2836567742,0.3291554177,0.8947427273,0.9128938317,0.8185475469,0.08455148339,0.3829239011,-0.003311661305,-0.6147031093,-0.2337553969,0.1342789014,0.3945808067,0.117158818,0.2876855589,0.6953659192
41,OR,Oregon,2019,105.5237427,12.97657776,80.08964539,130.9578247,0.1229730621,111.5838394,12.85468674,86.38864899,136.7790222,0.1152020544,0.7684473991,0.05157854035,0.6673534513,0.869541347,0.06712045521,0.8080990911,0.0445336327,0.7208132148,0.8953850269,0.05510912091,0.3231861293,0.0565995425,0.2122510374,0.4341212511,0.1751298457,137.3207092,0.07345275581,0.3537473778,0.4506257628,-0.3258687689,0.2887986141,0.9051195383,0.9202427864,0.8284723163,0.3020501733,0.5469370484,0.2122549117,-1.328324444,-0.4011891502,0.4985612239,0.4354893179,0.1117125416,0.1966644573,0.7431898671
41,OR,Oregon,2021,104.9373016,14.30571651,76.89810181,132.9765015,0.136326313,126.0631104,13.70709991,99.19719696,152.9290314,0.1087320447,0.6826960444,0.06542772055,0.5544577241,0.8109343648,0.0958372578,0.8011571169,0.05333729833,0.696615994,0.9056981802,0.06657532603,0.4040823877,0.05343798175,0.2993439436,0.5088208318,0.1322452575,153.710144,0.2272868454,0.8035614689,1.023627377,2.31117709,0.5813111576,0.9288042784,0.9434939623,0.8438540101,0.7984840274,1.065854192,0.5463461876,-0.8976123436,0.8123973747,2.513785842,0.6617968652,0.4519494993,0.2516010013,0.8512755991
41,OR,Oregon,2022,109.2058487,14.2210989,81.33249664,137.0792084,0.1302228719,124.1723785,13.86901951,96.9890976,151.3556519,0.1116916686,0.6819874048,0.04533275217,0.5931352377,0.770839572,0.06647153944,0.7713193297,0.03835830837,0.6961370111,0.8465015888,0.04973077402,0.3858822286,0.05808999762,0.2720258534,0.4997386336,0.1505381465,160.1288452,0.1903365701,1.014799237,1.292715396,1.677770212,0.5475215908,0.9378159046,0.9536851048,0.8538624644,0.9873683453,1.29329896,0.7637304068,-0.9538555809,0.6722100089,2.290580786,0.6367311786,0.3702260706,0.2444272788,0.9020338774
41,OR,Oregon,2023,122.4964676,11.63775349,99.68647003,145.3064575,0.09500481188,133.0918121,10.71860886,112.0833359,154.1002808,0.08053544909,0.7719969749,0.05298352614,0.6681492925,0.875844717,0.06863177568,0.8439536095,0.03963255137,0.7662737966,0.9216334224,0.04696058109,0.5902517438,0.05427085608,0.4838808477,0.6966226101,0.09194526821,158.6747894,0.1756589264,0.9009656807,1.147707018,1.426163953,0.536973254,0.9381055236,0.9594795108,0.8319062591,0.9934387803,1.422617912,0.2868403494,-0.6885308972,0.6284466913,1.942332663,0.5976232906,0.3377633253,0.278268959,0.8746808363
42,PA,Pennsylvania,2016,150.3144531,11.40125656,127.9679871,172.6609192,0.07584936917,152.5203857,11.51044369,129.9599152,175.0808563,0.07546823472,0.7766751051,0.03341408819,0.7111834884,0.8421667218,0.04302196577,0.7903043628,0.03286216035,0.7258945107,0.8547142148,0.04158164933,0.4570213556,0.0355107449,0.3874202967,0.5266224146,0.07770040631,193.5358276,0.04848484695,-0.7612976233,-0.9697890234,-0.7538722162,0.2381268393,0.8119516969,0.8348337412,0.8521287441,-1.650754333,-1.359212399,0.7260738611,-0.1105928372,-0.6114180256,-1.125829967,0.2530719422,0.05649067647,0.351983906,0.4752559418
42,PA,Pennsylvania,2017,166.285141,11.49634457,143.7523041,188.8179779,0.069136329,180.809021,13.46973419,154.4083405,207.2097015,0.07449702919,0.8048118949,0.03169500828,0.7426896691,0.8669341207,0.03938188404,0.8306462765,0.03169647977,0.7685211897,0.8927713633,0.03815881908,0.5370236635,0.04028783739,0.4580595195,0.6159878373,0.07502059639,206.613678,0.04853590205,-0.4191340605,-0.5339194546,-0.7529970223,0.3408256387,0.8426888585,0.8463385105,0.8579056859,-1.006501317,-1.102450252,0.851549387,0.7309037805,-0.1853375655,-1.090374071,0.2570536011,0.05660359574,0.459315267,0.5574743513
42,PA,Pennsylvania,2018,162.8491058,13.40571404,136.5739136,189.1243134,0.08231984824,169.0242767,13.2451582,143.0637665,194.984787,0.07836245745,0.7711138129,0.03105968423,0.7102368474,0.8319907784,0.04027898982,0.799736917,0.02968076617,0.7415626049,0.8579111695,0.03711316362,0.4691714048,0.03966969997,0.3914188147,0.546923995,0.08455267549,211.1868591,0.05030869693,-0.1171387335,-0.1492187228,-0.7226075203,0.3460103624,0.8702260256,0.8691344261,0.8496206403,-0.4293203056,-0.593693614,0.6715977192,0.3803452488,-0.1638269981,-0.701106157,0.3007679672,0.06052451038,0.4146021648,0.6300407439
42,PA,Pennsylvania,2019,126.0089645,11.6421051,103.1904373,148.8274994,0.0923910886,132.3414001,11.67738152,109.4537277,155.2290649,0.08823680133,0.7675377131,0.03530292213,0.6983439922,0.8367314339,0.04599503428,0.7771319747,0.03490629047,0.7087156773,0.8455483317,0.04491680861,0.3814551234,0.037033353,0.3088697493,0.4540404975,0.09708442539,164.1730042,0.05392507091,0.05531302483,0.07046122479,-0.6606151227,0.2809699355,0.8909761906,0.878503859,0.843788445,0.005604606587,-0.3845876455,0.5449221134,-0.7108532589,-0.4336690523,-0.17338278,0.3600307323,0.06852289413,0.2754217824,0.6714791401
42,PA,Pennsylvania,2021,154.4121246,16.7786026,121.5260696,187.2981873,0.1086611673,159.6062012,16.91513634,126.4525299,192.7598572,0.105980441,0.7237341404,0.03818360716,0.6488942504,0.7985739708,0.05275916308,0.7372671962,0.03798241168,0.6628216505,0.8117126822,0.05151784047,0.4236952364,0.0404936038,0.3443277776,0.5030627251,0.09557247162,213.3547821,0.1875052005,0.5193843643,0.6616246234,1.629234471,0.5776036539,0.9121077657,0.9123799801,0.8526858091,0.4485239089,0.3714558184,0.7381733656,0.100187558,0.7970155507,1.504710063,0.5484787455,0.3639638917,0.3788685615,0.7829907433
42,PA,Pennsylvania,2022,135.7071686,11.13002491,113.8923187,157.5220184,0.08201500773,143.9168396,11.40277576,121.5673981,166.2662811,0.07923170179,0.7004848123,0.0357786864,0.6303586364,0.7706110477,0.05107703432,0.7197568417,0.03523751721,0.6506913304,0.7888224125,0.04895752668,0.4146324992,0.03689811006,0.342312187,0.4869527817,0.08898991346,193.7332001,0.1536007971,0.6326715946,0.8059370564,1.048040361,0.5050057698,0.9245866537,0.9219576716,0.8464496136,0.7100822926,0.5852096677,0.6027228236,-0.3665208774,0.4958188468,1.358834927,0.5320971253,0.2889770594,0.3193407506,0.8102125077
42,PA,Pennsylvania,2023,126.8980103,12.64974022,102.1045227,151.6914978,0.09968430549,136.6676178,12.50623989,112.1553879,161.1798401,0.09150844067,0.6931663752,0.03756996989,0.6195292473,0.7668035626,0.05420051143,0.7783792019,0.03342119604,0.7128736377,0.8438847661,0.04293690994,0.444349438,0.04150593653,0.3629978299,0.5257011056,0.09340831637,183.0700531,0.1435561329,0.6628949145,0.8444374312,0.8758532989,0.4769394307,0.9275714755,0.9330069423,0.8363903165,0.772644341,0.8318060637,0.384234339,-0.5821620906,0.3793762132,1.336671302,0.5296081741,0.2667611385,0.2918361066,0.8174748628
44,RI,Rhode Island,2016,194.5536041,76.10683441,45.38420486,343.7229919,0.3911869824,249.414917,107.97509,37.78373718,461.0460815,0.4329135418,0.7432978153,0.1731125563,0.4039972126,1.082598448,0.232897982,0.7556795478,0.1751016825,0.4124802947,1.09887886,0.2317141891,0.446993351,0.1502253562,0.152551651,0.741435051,0.3360796273,261.7438049,0.04217199609,-0.3674063683,-0.4680254513,-0.8620880041,0.5013212213,0.8231410384,0.8490989208,0.881077826,-1.416224957,-1.040843725,1.354849577,2.771710236,0.4805322601,-1.749898037,0.1829897722,0.04252845797,0.7196164136,0.5699039874
44,RI,Rhode Island,2017,107.479744,35.24455261,38.40041733,176.5590668,0.3279181123,110.908493,36.55480194,39.2610817,182.5558929,0.3295942545,0.6000986099,0.183407709,0.2406195104,0.9595777392,0.3056292832,0.6120455265,0.1857025772,0.2480684817,0.9760226011,0.3034130037,0.4573649764,0.1679195017,0.128242746,0.7864872217,0.3671455383,179.1034546,0.04753524065,0.1306184928,0.1663900887,-0.7701505025,0.2286526812,0.8886970282,0.8787302971,0.8561564684,-0.04216679931,-0.3795340359,0.8135563135,-1.348413844,-0.6507247525,0.01569175591,0.3812635984,0.05439041925,0.194102091,0.689574275
44,RI,Rhode Island,2018,186.7740326,52.73189545,83.41951752,290.12854,0.282329917,190.6955566,52.53035355,87.7360611,293.6550598,0.2754670978,0.7937579751,0.0965539217,0.6045123339,0.9830036759,0.1216415092,0.8288751245,0.09345171601,0.645709753,1.012040496,0.1127452254,0.5136106014,0.1195150912,0.2793610096,0.7478601336,0.2326959223,235.3034973,0.03753751889,0.1837284242,0.2340448756,-0.9415328719,0.4110076847,0.8940427303,0.8761731982,0.8609609008,0.06987949461,-0.4366030693,0.9179088473,1.024996664,0.1058362225,-0.7871146591,0.2911093054,0.03227832144,0.4968262787,0.7023360491
44,RI,Rhode Island,2019,150.4997711,30.37882423,90.95727539,210.0422668,0.2018529475,153.6650238,29.39370155,96.05336761,211.2766724,0.1912842691,0.938853085,0.06342519075,0.8145397305,1.063166499,0.0675560385,0.938853085,0.06342519075,0.8145397305,1.063166499,0.0675560385,0.3885364234,0.1408592016,0.1124523878,0.6646204591,0.3625379503,160.3017273,0.04385237768,0.4206325014,0.53582826,-0.8332826637,0.3554494024,0.9072185755,0.9009941816,0.8554633856,0.3460461497,0.1173488498,0.7985025048,-0.07654350791,-0.1246659705,-0.1697080132,0.3604434046,0.04624498091,0.3563268359,0.7592616792
44,RI,Rhode Island,2021,136.2087097,36.71567917,64.24597168,208.1714325,0.2695545852,141.8197174,37.78096771,67.76902771,215.8704224,0.2664013505,0.6652290821,0.1352324635,0.4001734555,0.9302847385,0.2032870501,0.6652290821,0.1352324635,0.4001734555,0.9302847385,0.2032870501,0.4724179208,0.1397216022,0.1985635906,0.7462722659,0.295758456,204.7545776,0.1715648472,0.8043051163,1.024574683,1.355982666,0.5423011506,0.9245105982,0.9317627549,0.8601542711,0.7084881663,0.8040384054,0.9003887773,-0.4289035698,0.6505512596,1.731775728,0.5739779743,0.3287083946,0.3113839518,0.85145429
44,RI,Rhode Island,2022,133.283844,32.75195694,69.09000397,197.4776764,0.2457308918,134.1045074,32.81371307,69.7896347,198.4193878,0.2446876317,0.8107616305,0.1186099052,0.5782862306,1.04323709,0.1462944299,0.824439466,0.1178413704,0.5934703946,1.055408597,0.1429351419,0.4126275778,0.1407504231,0.1367567331,0.6884983778,0.3411076665,164.3933716,0.1339956671,0.8764576316,1.116487116,0.7119664332,0.4795038823,0.9372706413,0.9287176132,0.8609354496,0.9759395719,0.7360773087,0.9173560143,-0.6584064436,0.3900157019,1.435095471,0.540661102,0.2456161256,0.2821112782,0.8687918025
44,RI,Rhode Island,2023,194.0633698,28.36328506,138.471344,249.6554108,0.1461547464,195.4201813,28.17276192,140.2015686,250.6387939,0.144165054,0.8836066127,0.08243458718,0.7220348716,1.045178413,0.09329330921,0.8836066127,0.08243458718,0.7220348716,1.045178413,0.09329330921,0.7827838659,0.1132651493,0.5607841611,1.004783511,0.1446952969,219.6264343,0.1209157109,0.9286991556,1.183035671,0.4877479629,0.6133788422,0.9380384088,0.9491350055,0.8464308381,0.9920320511,1.191750407,0.6023150086,1.165539168,0.945440934,0.766245493,0.4655499721,0.2166870079,0.5147522192,0.8813449071
45,SC,South Carolina,2016,154.7185211,15.85189819,123.6487961,185.7882385,0.102456376,162.4854279,15.23266125,132.6294098,192.3414459,0.09374786168,0.8207906485,0.04076539353,0.7408904433,0.900690794,0.04966600984,0.8357942104,0.04019202664,0.7570178509,0.91457057,0.04808842391,0.4845653474,0.04950050265,0.3875443637,0.5815863609,0.1021544412,188.4993744,0.04024009407,-1.195265035,-1.522604136,-0.8952049436,0.2061725229,0.8411638737,0.8051657081,0.7944832444,-1.038465023,-2.02134037,-0.5259897113,0.185835363,-0.7439912389,-1.686268762,0.1901352711,0.03825564388,0.3897927831,0.3709780051
45,SC,South Carolina,2017,205.450943,24.17327118,158.0713348,252.8305511,0.1176595762,210.9527435,24.05096436,163.8128662,258.0926514,0.1140111461,0.8132154346,0.04264744371,0.7296264768,0.8968044519,0.05244298279,0.8322566152,0.04052973539,0.752818346,0.9116948843,0.04869860038,0.5112890601,0.05334707722,0.4067287743,0.6158493161,0.1043383926,252.6402435,0.04618631676,-0.8522386948,-1.085635507,-0.7932739479,0.3653053223,0.8649994731,0.829541862,0.793813765,-0.5388692021,-1.477316022,-0.5405308604,1.627583324,-0.08377537691,-1.76829509,0.1809238031,0.05140698585,0.5736851098,0.4534037311
45,SC,South Carolina,2018,167.1053314,18.20056343,131.4322205,202.7784271,0.1089167148,184.7515869,17.63510704,150.1867828,219.3164062,0.09545307606,0.8132748604,0.04694079608,0.7212709188,0.9052788019,0.05771824345,0.8763512969,0.0409437865,0.7961014509,0.9566011429,0.0467207469,0.5324214101,0.05706212297,0.4205796421,0.6442631483,0.1071747392,205.4721527,0.05014554411,-0.6004425486,-0.7648816642,-0.7254043091,0.3339087793,0.8794727325,0.851380527,0.792185545,-0.2355086803,-0.9899231195,-0.5758958459,0.8481825341,-0.2140344797,-1.264651589,0.2374824241,0.06016366307,0.4742739585,0.5139077734
45,SC,South Carolina,2019,134.3653107,16.78718758,101.4624252,167.2682037,0.1249369159,143.558197,15.42351532,113.3281097,173.7882843,0.1074373722,0.7970213294,0.05869429931,0.6819804907,0.9120621681,0.07364207506,0.857178092,0.04009126872,0.7785992026,0.9357569814,0.04677122459,0.4349211454,0.06240196899,0.3126132786,0.5572290421,0.1434788108,168.5843506,0.05204023793,-0.3620651811,-0.4612215096,-0.6929251979,0.2624644311,0.8991116285,0.8628296256,0.7943945527,0.1761239618,-0.7344034314,-0.5279160738,-0.3771893495,-0.5104453523,-0.658248798,0.3055808023,0.06435418328,0.3179800064,0.5711874201
45,SC,South Carolina,2021,157.8168488,16.8909111,124.7106705,190.9230347,0.1070285663,170.5055237,16.38203049,138.3967438,202.6143036,0.09607917815,0.8031473756,0.04817627743,0.7087218761,0.897572875,0.05998435616,0.8551328778,0.03850934282,0.7796545625,0.9306111932,0.04503316805,0.5108840466,0.07572080195,0.3624712527,0.6592968106,0.1482152343,196.4980011,0.1177567691,0.3276318659,0.4173581734,0.4335969318,0.4879653416,0.9252907038,0.9045038223,0.8215720057,0.7248392105,0.1956766248,0.06237976253,0.4244076182,0.4251209078,0.4408167032,0.4290046706,0.209700333,0.4202222397,0.7369145764
45,SC,South Carolina,2022,183.2709045,14.96285629,153.9437103,212.5980988,0.08164338022,194.2847595,14.86802864,165.1434174,223.4261017,0.07652699202,0.8136752844,0.04437401891,0.7267022133,0.9006483555,0.05453529209,0.8701536655,0.03659070283,0.7984359264,0.9418714643,0.04205084965,0.6291267276,0.05999268219,0.5115410686,0.7467123866,0.09535866231,225.2383881,0.114680998,0.4432511379,0.5646413085,0.380871627,0.5523941949,0.934908092,0.9163903594,0.8160468936,0.9264203906,0.4609590173,-0.05762599409,1.131763995,0.6924256434,0.2865442374,0.4116800394,0.2028976082,0.5104442573,0.7646967065
45,SC,South Carolina,2023,157.8436737,21.7040844,115.3036652,200.3836823,0.1375036687,225.5564117,63.64742661,100.807457,350.3053589,0.2821796238,0.8134664893,0.05849517137,0.6988159418,0.9281170368,0.07190851867,0.8388710618,0.05007702485,0.7407200933,0.9370220304,0.05969573557,0.5949189663,0.07573260367,0.4464830756,0.743354857,0.1272990257,194.0383148,0.1191227064,0.6720998064,0.8561632041,0.4570120233,0.6566719725,0.9429504275,0.9391924143,0.8164651394,1.094988346,0.9698527455,-0.04854167253,2.061995847,1.125057025,0.2470361367,0.4072433224,0.2127213952,0.6290936359,0.8196867042
46,SD,South Dakota,2016,103.7709427,27.95065117,48.98766327,158.5542145,0.2693495154,103.7709427,27.95065117,48.98766327,158.5542145,0.2693495154,0.6387275457,0.1585459709,0.3279774189,0.9494776726,0.248221606,0.6387275457,0.1585459709,0.3279774189,0.9494776726,0.248221606,0.3712492585,0.1404418945,0.09598313272,0.6465153694,0.3782954216,162.4651031,0.04961042479,-1.09811301,-1.398845748,-0.7345774007,0.08869518103,0.7865732312,0.8364261389,0.828461647,-2.182688713,-1.323673487,0.2120231688,-1.560733188,-1.231385445,-0.9549228162,0.2722646306,0.05898013235,0.1670211453,0.3943226443
46,SD,South Dakota,2017,196.3517151,29.58469391,138.3657227,254.3377228,0.1506719291,199.7339478,29.97916031,140.9747925,258.493103,0.1500954628,0.8730928898,0.06590743363,0.7439143658,1.002271533,0.0754873082,0.8730928898,0.06590743363,0.7439143658,1.002271533,0.0754873082,0.5507854819,0.1273780912,0.3011244237,0.8004465699,0.2312662601,224.8921204,0.06299501657,-0.7327034871,-0.9333640057,-0.5051368233,0.3738768236,0.8292607069,0.8433786631,0.8305947185,-1.287956238,-1.168507814,0.258353591,1.293859954,-0.04821362501,-1.369582101,0.225698841,0.08858301687,0.5311193017,0.4821268207
46,SD,South Dakota,2018,103.3687592,23.66015625,56.99485016,149.7426605,0.2288907915,105.7940979,23.35203171,60.02411652,151.5640869,0.2207309455,0.7095557451,0.09056819975,0.5320420861,0.8870694041,0.1276407093,0.7095557451,0.09056819975,0.5320420861,0.8870694041,0.1276407093,0.261187613,0.1122457311,0.04118599743,0.4811892509,0.4297513366,145.680954,0.05805052444,-0.6907733058,-0.8799506911,-0.5898960111,0.1468447347,0.8337012529,0.8616517186,0.8133249879,-1.194882154,-0.7606918216,-0.1167459413,-1.500550777,-0.9901324931,-0.5255383314,0.3204840443,0.07764721607,0.1746973022,0.492202215
46,SD,South Dakota,2019,261.0154114,48.76949692,165.4272156,356.6036377,0.1868452728,261.5312195,48.74121475,165.9984283,357.0639954,0.1863686293,1,0,1,1,0,1,0,1,1,0,0.7252063155,0.1311264187,0.4681985378,0.9822140932,0.1808125675,261.0154114,0.06507577747,-0.420568799,-0.5357471151,-0.4694681239,0.5563824138,0.839373827,0.8772367835,0.8291578293,-1.075984597,-0.4128660858,0.227144286,3.132131566,0.7089721091,-1.645158406,0.1947519197,0.09318506417,0.7655874979,0.5571295983
46,SD,South Dakota,2021,281.5361938,123.8231506,38.8428154,524.2295532,0.439812541,283.7233582,123.665863,41.33826828,526.1084595,0.4358677566,0.7955138087,0.09114467353,0.6168702245,0.9741573334,0.1145733446,0.7955138087,0.09114467353,0.6168702245,0.9741573334,0.1145733446,0.3726509809,0.1227165088,0.1321266145,0.6131753325,0.3293068409,353.9048462,0.1072931439,0.2884273653,0.3674170031,0.2542279795,0.7401291811,0.8961755037,0.9179065824,0.8304818273,0.1145825759,0.4947979152,0.2559016049,3.792276867,1.471307283,-0.7545985418,0.2947608302,0.1865577902,0.8497878288,0.7274941353
46,SD,South Dakota,2022,169.9139862,52.29499435,67.41578674,272.4121704,0.3077733517,170.0859222,52.29389954,67.58987427,272.5819702,0.3074557781,0.9068119526,0.1068606377,0.6973651052,1.11625886,0.1178421155,0.9068119526,0.1068606377,0.6973651052,1.11625886,0.1178421155,0.3910684586,0.09920530766,0.1966260523,0.58551085,0.2536776066,187.3751068,0.09077741206,0.4267607828,0.543634852,-0.02888704579,0.459950326,0.9100179672,0.9195058346,0.8345872164,0.4047215879,0.530489862,0.3450708985,0.4119258145,0.3088912069,0.2214587201,0.4043710061,0.1500297205,0.4186302084,0.7607342426
46,SD,South Dakota,2023,154.4380188,37.7663269,80.41602325,228.460022,0.2445403337,161.3641968,37.48979568,87.88420105,234.8441925,0.2323303074,0.7955318093,0.0882300958,0.6226007938,0.9684627652,0.1109070629,0.8342917562,0.07760553062,0.6821849346,0.9863986373,0.09301964939,0.5228903294,0.1233389154,0.2811460197,0.7646345496,0.2358791381,194.1318054,0.09687256068,0.6917320291,0.8811719701,0.0755968594,0.4746193025,0.9175781012,0.9449983239,0.8376955986,0.5631825328,1.099428415,0.4125851393,0.1524823167,0.3697503821,0.600061963,0.4468877413,0.163510444,0.3855386628,0.8244041269
47,TN,Tennessee,2016,166.4138184,22.53378487,122.2475967,210.5800323,0.1354081333,171.1007843,22.87316704,126.2693863,215.9321899,0.1336824149,0.8039484024,0.04557777196,0.714615941,0.8932808042,0.05669241026,0.8039484024,0.04557777196,0.714615941,0.8932808042,0.05669241026,0.4533486664,0.05273961648,0.3499790132,0.5567182899,0.1163334548,206.9956512,0.0472330451,-1.364867965,-1.738655067,-0.7753307816,0.2190357771,0.8312197924,0.8051691055,0.7806501389,-1.246893764,-2.021264553,-0.8264455795,0.4421147219,-0.6906237089,-1.831843594,0.1737873747,0.05372204922,0.4224807486,0.3302241531
47,TN,Tennessee,2017,114.8957367,12.7707653,89.86503601,139.9264374,0.1111509055,123.4246368,13.11175251,97.7256012,149.1236725,0.1062328666,0.7202790976,0.04406481236,0.6339120865,0.8066461682,0.06117741391,0.732681334,0.04375046864,0.6469303966,0.8184322119,0.05971282348,0.3375327587,0.04305092618,0.2531529367,0.4219125807,0.127545923,159.5155792,0.04893532395,-1.029962103,-1.312030815,-0.7461500753,0.1417122169,0.8602583408,0.8251768351,0.7783268094,-0.6382436752,-1.574734211,-0.8769084215,-0.97609851,-1.011426467,-1.084710709,0.2576895905,0.05748700262,0.2415902337,0.4106986114
47,TN,Tennessee,2018,170.7152405,14.89624405,141.5186005,199.9118805,0.08725784719,178.0745544,15.03857422,148.5989532,207.5501556,0.08445100486,0.7850788832,0.03990834951,0.7068585157,0.8632992506,0.0508335568,0.8028436303,0.03959549218,0.7252364159,0.8804507852,0.04931905866,0.4657739699,0.04253742844,0.3824006021,0.5491473079,0.09132634103,217.4497986,0.04858179763,-0.7308502098,-0.931003184,-0.7522102738,0.3024503248,0.8862444758,0.8487407565,0.7703511119,-0.09357246757,-1.048837185,-1.050140977,0.6495621274,-0.3445504435,-1.333607471,0.229738753,0.05670510361,0.4489402873,0.4825721443
47,TN,Tennessee,2019,183.7133026,24.12224007,136.4337158,230.9928894,0.1313037127,189.9065247,24.28288269,142.3120728,237.5009766,0.1278675497,0.7867268324,0.03965469822,0.7090036273,0.8644500375,0.05040465668,0.808211565,0.03871013597,0.7323396802,0.8840834498,0.04789604247,0.4745394289,0.04837346822,0.379727453,0.5693514347,0.1019377187,233.5159912,0.05736361817,-0.4942296197,-0.6295809234,-0.6016710563,0.3670407193,0.8923553824,0.8572657108,0.7883767486,0.03451256454,-0.8585782647,-0.6586231589,1.00152548,-0.07657549978,-1.137856752,0.2517213473,0.07612797607,0.493832572,0.5394296554
47,TN,Tennessee,2021,136.7255859,14.1691103,108.9541321,164.4970398,0.1036317423,147.063385,14.94801807,117.765274,176.3615112,0.1016433686,0.7642633319,0.03824175522,0.6893095374,0.839217186,0.05003740638,0.8043237925,0.0355627276,0.7346208692,0.8740267158,0.04421444237,0.3855938017,0.04465569928,0.2980686426,0.4731189907,0.1158102006,178.8985291,0.1414047033,0.3331006207,0.4243246188,0.8389731856,0.4650684678,0.9323529005,0.9039785862,0.81605196,0.8728633523,0.1839544624,-0.05751595274,-0.2729211934,0.330125537,0.9318695618,0.4841493761,0.2620027921,0.3312792198,0.7382286623
47,TN,Tennessee,2022,158.1454468,22.12153625,114.7872314,201.5036469,0.1398809701,169.0674286,22.67560768,124.6232376,213.5116272,0.1341216862,0.7484540343,0.05232800543,0.64589113,0.8510168791,0.06991479546,0.7956911922,0.047117237,0.7033414245,0.8880409598,0.05921548232,0.4702638686,0.05994924158,0.3527633548,0.5877643824,0.1274800003,211.2961426,0.1336635202,0.4582066089,0.5836925325,0.7062727241,0.5198000881,0.9270395041,0.9196061492,0.8224015236,0.7614942193,0.532728672,0.08039693534,0.3816288788,0.5571980451,0.7487282902,0.4635828092,0.2448815118,0.4147658894,0.7682903535
47,TN,Tennessee,2023,162.100235,22.82834625,117.3566666,206.8437805,0.1408285946,167.491394,23.21532631,121.9893494,212.9934235,0.1386060864,0.6809872985,0.05108518153,0.5808603168,0.7811142206,0.07501634955,0.7305641174,0.04854823276,0.6354095936,0.8257186413,0.0664530769,0.4955264032,0.05694822222,0.3839078844,0.6071448922,0.1149246991,238.0370789,0.1280839294,0.5743378748,0.7316278778,0.6106265845,0.5202345239,0.9229643941,0.9356905222,0.8258471489,0.6760796309,0.8916978836,0.1552361101,0.3347468809,0.5590004477,0.7995690447,0.469292171,0.2325410546,0.408786176,0.7961955106
48,TX,Texas,2016,136.8887634,5.819797516,125.4819641,148.295578,0.04251478985,144.3161316,6.142549992,132.2767334,156.3555298,0.04256315529,0.7804859877,0.02259096131,0.7362077236,0.8247642517,0.02894473635,0.805105567,0.02134315483,0.7632729411,0.8469381332,0.02650975995,0.4331567883,0.02249607071,0.389064461,0.4772490859,0.05193516985,175.3891449,0.04810588807,-0.9772667885,-1.244904194,-0.7603683833,0.1958931674,0.8570684195,0.8384008408,0.7750954628,-0.7051046491,-1.279602289,-0.9470934272,-0.3546432149,-0.7866385973,-1.240988966,0.2401397111,0.05565252794,0.3208557248,0.4233607572
48,TX,Texas,2017,155.3013611,7.860721111,139.8943481,170.708374,0.05061591789,163.2066193,7.814495564,147.890213,178.5230408,0.04788099229,0.7544095516,0.02377461269,0.7078113556,0.8010078073,0.03151419759,0.7782403231,0.0225614775,0.7340198159,0.8224608302,0.02899037302,0.4811077714,0.02680588141,0.428568244,0.5336472988,0.05571699888,205.8581543,0.05097665265,-0.5829058147,-0.7425422643,-0.7111573282,0.2853563925,0.8919419646,0.8606351018,0.7730655074,0.02584729902,-0.783380568,-0.991184175,0.2072885057,-0.4154703623,-1.041750681,0.2625139552,0.06200183719,0.3925290924,0.5181216714
48,TX,Texas,2018,150.8561707,9.297002792,132.6340485,169.0782928,0.06162825972,158.1660004,9.69155407,139.1705475,177.161438,0.06127457321,0.7553093433,0.02346434072,0.7093192339,0.8012994528,0.03106586821,0.7868279219,0.02285393886,0.7420341969,0.8316216469,0.02904566377,0.4528494775,0.02685057931,0.4002223611,0.505476594,0.0592925027,199.7276611,0.05240562186,-0.3744952182,-0.4770556763,-0.6866617347,0.29660773,0.9043859243,0.8745304942,0.7755650282,0.2866735756,-0.4732647538,-0.9368944764,0.05734618029,-0.3687904102,-0.7992148787,0.2897504638,0.0651623079,0.3734042218,0.5682006092
48,TX,Texas,2019,140.2587433,7.489881516,125.5785751,154.9389191,0.05340046063,145.6099854,7.604719639,130.7047424,160.5152435,0.05222663283,0.7283329368,0.02588932775,0.6775898337,0.7790760398,0.0355460085,0.7421439886,0.02638625726,0.6904269457,0.7938610315,0.03555409238,0.4469628036,0.02797000296,0.3921415806,0.5017840266,0.06257791817,192.5750427,0.05703727901,-0.1513152172,-0.1927548875,-0.6072652086,0.2958200343,0.9144232869,0.8883374333,0.7825177908,0.4970574081,-0.1651230305,-0.7858800292,-0.3161551948,-0.3720584303,-0.4381291442,0.3303000016,0.0754062073,0.3257648017,0.621828484
48,TX,Texas,2021,148.5365906,7.46745491,133.9003906,163.1728058,0.05027350038,160.8130188,7.439126492,146.2323303,175.3937073,0.04625948146,0.7928922176,0.02350297384,0.7468264103,0.838958025,0.02964208089,0.8186978698,0.02236782573,0.774856925,0.8625388145,0.02732122131,0.5052408576,0.02559135482,0.4550817907,0.5553998947,0.05065179616,187.3351593,0.1630398631,0.4645734678,0.5918030397,1.209846175,0.5411829226,0.9341357946,0.9250494838,0.8108397722,0.9102329612,0.6542124152,-0.1707249731,0.1360865309,0.6459119152,1.166348782,0.5104811392,0.3098535707,0.3834474101,0.7698202446
48,TX,Texas,2022,140.2396851,9.737923622,121.1533661,159.3260193,0.06943771243,154.4886627,9.459003448,135.9490204,173.0283203,0.06122781709,0.7665946484,0.02947916836,0.7088154554,0.8243738413,0.03845470026,0.8062677979,0.02594091557,0.7554236054,0.8571119905,0.03217406943,0.4124760926,0.02923183143,0.3551817238,0.4697704911,0.07086915523,182.9385223,0.1460617334,0.6396325976,0.8148044218,0.9188046584,0.5206012821,0.9428927898,0.9384612441,0.812787652,1.09378016,0.9535345435,-0.1284169108,-0.05204287874,0.5605220672,1.181282836,0.5121582173,0.2723028092,0.3594518466,0.8118851656
48,TX,Texas,2023,132.1471405,8.224775314,116.0265732,148.2677002,0.0622395277,143.9803925,8.977082253,126.3853149,161.5754852,0.06234933436,0.692615211,0.02732190304,0.6390642524,0.74616611,0.03944744915,0.7138502002,0.0266462341,0.6616235971,0.7660768032,0.03732748702,0.4400444627,0.02907284722,0.383061707,0.4970272481,0.06606797129,190.7944489,0.1362915337,0.7559568907,0.9629856574,0.7513225054,0.4939360974,0.9444734454,0.9510881901,0.8143546581,1.126910806,1.235341311,-0.09438144416,-0.3646303827,0.4498925934,1.266530903,0.5217314831,0.2506939252,0.3195818797,0.8398367051
49,UT,Utah,2016,118.8721008,24.89697456,70.07403564,167.670166,0.2094433755,124.0482483,24.78565025,75.46837616,172.6281281,0.1998065412,0.6612696648,0.06095338985,0.5418009758,0.7807382941,0.09217630327,0.7199935317,0.05851550028,0.6053031087,0.8346838951,0.08127225935,0.3203639984,0.05908543617,0.2045565248,0.4361714423,0.1844322085,179.763443,0.06128264964,-0.1180924177,-0.150433586,-0.5344904611,0.253535336,0.8513822556,0.9095951915,0.8260989189,-0.8242870569,0.3093052208,0.1607045829,-0.9575480596,-0.5474907022,-0.1624701321,0.3612562108,0.08479575151,0.2439563099,0.6298115834
49,UT,Utah,2017,113.3856735,18.33706093,77.44503021,149.3263092,0.1617229134,126.2772751,17.8740921,91.2440567,161.3105011,0.1415463835,0.7154967189,0.06604168564,0.5860550404,0.8449383974,0.09230187535,0.7591448426,0.0601333268,0.6412835121,0.8770061731,0.07921192795,0.3826941252,0.08049863577,0.2249168009,0.5404714346,0.2103471905,158.4712677,0.06493539363,0.132837981,0.169217413,-0.4718746036,0.2895754291,0.8639020324,0.9250240922,0.8328224421,-0.5618716478,0.6536456943,0.3067398965,-0.8912416263,-0.3979662723,0.07529923427,0.3879574538,0.09287457531,0.2524135747,0.6901075953
49,UT,Utah,2018,93.88006592,20.75606728,53.19817352,134.5619659,0.2210913152,97.71896362,20.86064339,56.83209991,138.6058197,0.2134759128,0.5746982098,0.07873307914,0.4203813672,0.7290150523,0.1369989961,0.5830387473,0.07988578826,0.4264626205,0.7396149039,0.1370162666,0.2690183222,0.07057015598,0.1307008415,0.4073358476,0.2623246908,163.3554077,0.06986288726,0.4948281844,0.6303434097,-0.3874068065,0.2651569462,0.8996858001,0.9379701614,0.8349868655,0.1881586313,0.9425746202,0.3537513018,-1.74076025,-0.4992745491,0.7067799971,0.4588720612,0.1037727803,0.1440590214,0.777090144
49,UT,Utah,2019,101.6250153,13.04802132,76.05089569,127.1991348,0.1283937842,105.3102493,13.2040844,79.43024445,131.1902466,0.1253827065,0.6271565557,0.05936439708,0.5108023286,0.7435107231,0.09465643018,0.6528759003,0.06233513728,0.5306990147,0.7750527263,0.09547777474,0.3064629436,0.05146028101,0.2056007832,0.407325089,0.1679168195,162.0409088,0.07518135756,0.6691473474,0.8524021753,-0.2962368317,0.3084659035,0.9253296256,0.9442127347,0.8279030919,0.7256550193,1.081895709,0.1998913139,-1.514943728,-0.3195927947,0.8481730809,0.4747503517,0.1155357137,0.1728615076,0.8189772585
49,UT,Utah,2021,166.313736,21.87667656,123.4354553,209.1920319,0.1315385997,185.7473145,21.97213745,142.6819305,228.8126984,0.1182904691,0.8051195741,0.05215421319,0.7028973103,0.9073418379,0.06477822363,0.826767385,0.05338283628,0.7221370339,0.9313977361,0.06456814706,0.5057564378,0.07000171393,0.3685530424,0.6429597735,0.1384099424,206.5702362,0.1979630738,1.145436704,1.459129656,1.808504824,0.7185580602,0.9410834908,0.9626697898,0.8595210314,1.055857182,1.493818164,0.8866347671,0.8778022506,1.381812244,1.923933251,0.5955570565,0.387093713,0.4780518994,0.9334247264
49,UT,Utah,2022,154.8512878,21.05569267,113.5821304,196.1204376,0.1359736323,164.8373871,22.7487011,120.249939,209.4248505,0.1380069256,0.7093370557,0.06940906495,0.5732952952,0.8453788757,0.09785060585,0.7257274389,0.07521372288,0.5783085227,0.8731462955,0.1036390811,0.4388782084,0.0667367056,0.3080742657,0.5696821809,0.1520620137,218.3042297,0.1799347252,1.42249914,1.812069296,1.499460305,0.6721106142,0.9613488317,0.9713408947,0.869323194,1.480620146,1.687338948,1.099538326,0.2557986439,1.189109415,2.149067929,0.6208394376,0.347220168,0.3987164721,1
49,UT,Utah,2023,89.66059875,12.68823719,64.79165649,114.529541,0.1415140778,95.41155243,13.90934753,68.14923096,122.6738739,0.1457826346,0.6541334987,0.07403369993,0.5090274215,0.7992395163,0.1131782755,0.676571846,0.0754891336,0.5286131501,0.8245306015,0.1115759239,0.4453187585,0.07073746622,0.3066733181,0.5839642286,0.1588468105,137.067749,0.1613999307,1.395802557,1.778061502,1.18173422,0.477925146,0.9627093077,0.9742100835,0.8613747954,1.509135842,1.751373172,0.9268986583,-1.80939837,0.3834657843,2.552802778,0.666178425,0.3062265099,0.1353043543,0.9935850839
50,VT,Vermont,2016,59.54495239,20.91798782,18.54569626,100.5442123,0.3512974381,65.66985321,22.93050194,20.7260704,110.6136398,0.3491785228,0.5520636439,0.1775657535,0.2040347606,0.9000924826,0.3216400146,0.5719799399,0.1786829829,0.2217613161,0.9221985936,0.3123937845,0.09885773808,0.05282605067,-0.00468131993,0.2023967952,0.5343643427,107.8588562,0.07464512438,-1.411889096,-1.798553555,-0.3054290173,0,0.6799588203,0.8598458767,0.8639421463,-4.417334557,-0.8009943962,0.9826616645,-2.694119003,-1.599367192,-0.58852279,0.3134109577,0.1143497194,0.02245984878,0.3189254556
50,VT,Vermont,2017,114.1333542,31.64116287,52.11667633,176.1500244,0.2772297561,125.1091766,31.81376839,62.75419235,187.4641571,0.2542880476,0.7441362143,0.1372091323,0.4752062857,1.013066053,0.1843871325,0.770678103,0.1354606301,0.5051752329,1.036180854,0.1757681072,0.581617415,0.156567812,0.2747444808,0.8884903193,0.2691938281,153.3769684,0.06320767105,-0.9228937825,-1.175640423,-0.5014914701,0.1763531537,0.7400302291,0.8591385484,0.8742400408,-3.158233404,-0.8167805076,1.206332564,-0.9259888272,-0.8677069067,-0.8445168638,0.2846630998,0.08905334766,0.2479816325,0.4364260352
50,VT,Vermont,2018,146.0469818,37.85260391,71.85588074,220.2380981,0.2591809928,157.085022,38.42235184,81.77721405,232.3928375,0.2445959002,0.7800281644,0.1278657764,0.5294112563,1.030645132,0.16392456,0.7800281644,0.1278657764,0.5294112563,1.030645132,0.16392456,0.6306031346,0.1409143507,0.354411006,0.9067952633,0.2234596312,187.2329712,0.07448704541,-0.8053563933,-1.025913869,-0.3081388294,0.2803388333,0.7416408062,0.8986846209,0.848285675,-3.124475718,0.06580433249,0.6426022053,0.02519052294,-0.4362873918,-0.9082877785,0.277501695,0.114000094,0.3693028263,0.4646690694
50,VT,Vermont,2019,118.5143356,47.38039398,25.64876366,211.3799133,0.3997861743,165.1439209,64.08045959,39.54623032,290.7416382,0.3880279362,0.7351461649,0.156578958,0.4282514155,1.042040944,0.2129902393,0.7640824914,0.1547122002,0.4608465731,1.067318439,0.2024810165,0.2048699707,0.1026702449,0.003636289155,0.4061036706,0.5011483431,161.2119293,0.07257561386,-0.6128763761,-0.7807206595,-0.3409048611,0.3166665904,0.7654432654,0.8968820572,0.8537538052,-2.62557435,0.0255749207,0.7613703012,0.2649170466,-0.2855694913,-0.8382657473,0.2853650934,0.1097725548,0.3998795078,0.5109200516
50,VT,Vermont,2021,150.9967651,46.07779694,60.68428802,241.3092499,0.3051575124,151.810791,45.43185806,62.76435852,240.8572388,0.2992663085,0.7449529767,0.1691846251,0.4133510888,1.076554775,0.2271077931,0.9077587128,0.067373842,0.7757059932,1.039811492,0.0742199868,0.5885996819,0.183828488,0.2282958329,0.948903501,0.3123149574,202.6930237,0.1926672161,-0.09328494469,-0.1188322592,1.717722476,0.5033774142,0.8126906157,0.9308382869,0.8450353742,-1.635266542,0.7834062576,0.5720054507,-0.1317010157,0.489063067,1.106958589,0.5038116847,0.375380792,0.3492915963,0.6357725658
50,VT,Vermont,2022,75.63578796,19.57362366,37.27148438,114.0000916,0.2587878704,91.64877319,30.08732986,32.6776123,150.6199493,0.328289479,0.7975085378,0.1775989383,0.4494146705,1.145602465,0.2226921916,0.7975085378,0.1775989383,0.4494146705,1.145602465,0.2226921916,0.1092992872,0.07428467274,-0.03629868105,0.2548972368,0.6796446443,94.84009552,0.1615223885,0.2026306192,0.2581236861,1.183833408,0.3469832494,0.8466958404,0.9368219972,0.8469437957,-0.922514677,0.916950047,0.6134564877,-1.921329043,-0.1597906495,1.559464546,0.5546276147,0.3064973513,0.1210278007,0.7068780535
50,VT,Vermont,2023,168.9113617,35.81973648,98.70467377,239.118042,0.2120623291,186.9779816,41.02541733,106.568161,267.3877869,0.2194130868,0.8467505574,0.1051021516,0.6407503486,1.052750826,0.1241240948,0.8467505574,0.1051021516,0.6407503486,1.052750826,0.1241240948,0.7063751221,0.1397334188,0.4324975908,0.9802526236,0.1978175938,199.4818268,0.1557022035,0.5564490731,0.7088399916,1.08406297,0.6030137522,0.8848512173,0.9486244917,0.846865952,-0.1227752641,1.180356741,0.6117657423,0.9144106697,0.902437877,0.9208673723,0.4829138421,0.2936247688,0.4827212365,0.7918970142
51,VA,Virginia,2016,159.6387482,16.23368073,127.8207321,191.4567719,0.1016901061,169.8705292,16.44958115,137.6293488,202.1117096,0.09683599323,0.7415418625,0.0409627445,0.6612548828,0.8218288422,0.05523996055,0.7621957064,0.03954705223,0.6846834421,0.839707911,0.05188569427,0.4638248384,0.06147381663,0.343336165,0.5843135118,0.1325367093,215.2794952,0.04931465536,-0.4643385087,-0.5915037373,-0.7396475222,0.3111289544,0.8532214165,0.8650014997,0.8223212957,-0.7857381105,-0.6859318018,0.0786543861,0.4055185582,-0.3085442338,-1.01980277,0.2649786819,0.05832597508,0.4178129745,0.546612184
51,VA,Virginia,2017,157.5372772,18.34806633,121.5750732,193.4994965,0.1164680868,168.8972473,18.17740631,133.2695312,204.5249634,0.107624054,0.8091555238,0.0347270593,0.7410904765,0.8772205114,0.04291765764,0.816480577,0.03449082375,0.7488785386,0.8840825558,0.04224328697,0.4479604363,0.04952400178,0.3508933783,0.5450274944,0.110554412,194.6934509,0.05269804597,-0.1410190687,-0.1796390028,-0.6816489589,0.3465534514,0.8852520585,0.8788558841,0.8218329549,-0.1143736094,-0.3767311871,0.06804759055,0.376566529,-0.1615738109,-0.6931965054,0.3016562125,0.0658090663,0.4141201959,0.6243025433
51,VA,Virginia,2018,135.3278198,10.25934696,115.2194977,155.436142,0.07581107318,144.9833527,10.49612236,124.4109573,165.5557556,0.07239536196,0.8059642315,0.03954687342,0.7284523845,0.8834761381,0.04906777665,0.8405044079,0.03765418753,0.7667021751,0.914306581,0.04479951039,0.4434329867,0.04382292554,0.3575400412,0.5293259025,0.09882649034,167.907959,0.05594410747,0.01687485538,0.02149625551,-0.6260045106,0.3100305683,0.9026925564,0.8869485259,0.81849581,0.25118047,-0.1961205155,-0.004435388371,-0.3347955175,-0.3131012575,-0.2997726653,0.3458372847,0.07298842488,0.3233872625,0.6622428406
51,VA,Virginia,2019,131.5459442,12.68209648,106.6890411,156.4028625,0.09640811384,139.2603302,12.71975517,114.3296051,164.19104,0.09133796394,0.7363700271,0.04672743753,0.6447842717,0.827955842,0.06345646083,0.7704117894,0.0467066206,0.6788668633,0.8619567752,0.06062552705,0.4120938182,0.04161915183,0.3305202723,0.4936673641,0.1009943709,178.641098,0.05970330909,0.1271318768,0.161948617,-0.5615637415,0.3128146004,0.9139745831,0.8918866515,0.8177633286,0.4876525402,-0.08591198176,-0.02034492791,-0.5050371711,-0.3015507652,-0.108969573,0.3672642658,0.08130270245,0.3016732496,0.6887364768
51,VA,Virginia,2021,157.1766968,13.09177208,131.5168152,182.8365631,0.0832933411,165.6200409,12.32562256,141.4618225,189.7782593,0.07442108542,0.7773628831,0.03302999958,0.712624073,0.8421016932,0.04248980433,0.8509061337,0.02404229157,0.8037832379,0.8980290294,0.02825492807,0.4882109165,0.04169323295,0.4064921737,0.5699296594,0.08540003747,202.1921844,0.2227709591,0.6872565846,0.875470866,2.233765124,0.6577280931,0.938626349,0.9272089601,0.835044682,1.004355311,0.7024073601,0.3550070822,0.2790800969,1.129438696,1.997759933,0.6038477132,0.4419616518,0.4016859791,0.8233287232
51,VA,Virginia,2022,124.901207,18.38033676,88.87574768,160.9266663,0.1471589953,131.0432129,18.58052826,94.62537384,167.4610443,0.141789332,0.7155472636,0.06047810987,0.5970101953,0.8340843916,0.08452007174,0.725869,0.06059391052,0.6071049571,0.8446331024,0.08347775042,0.3552136123,0.05692755803,0.2436355948,0.4667916,0.1602628827,174.5534058,0.1823066324,0.7791333894,0.992509346,1.540119876,0.5287636388,0.9419925809,0.9345658422,0.8369269967,1.074911714,0.866597414,0.3958910406,-0.7494701867,0.5943863452,1.93215114,0.5964799166,0.3524661476,0.2704962636,0.8454057811
51,VA,Virginia,2023,121.4694366,13.91008949,94.20566559,148.7332153,0.1145151332,132.0071869,15.17638969,102.2614594,161.7529144,0.1149663925,0.7869147658,0.04059403762,0.7073504329,0.8664790392,0.05158631876,0.8019851446,0.03810156137,0.7273060679,0.8766641617,0.04750906304,0.4935113192,0.05233866721,0.3909275234,0.5960950851,0.1060536355,154.361618,0.1691065431,0.8583616515,1.093435313,1.313842066,0.5209962636,0.9474458098,0.9452309608,0.8316490054,1.189211845,1.104620337,0.2812527716,-0.7207950367,0.5621607808,1.840576132,0.5861961421,0.3232713297,0.2741537268,0.8644435233
53,WA,Washington,2016,118.5917206,18.30773735,82.70855713,154.474884,0.154376179,126.1777191,19.935112,87.10490417,165.2505341,0.1579923183,0.6714110374,0.0629253909,0.5480772853,0.7947447896,0.0937211141,0.6910765767,0.06013440341,0.57321316,0.8089399934,0.08701553941,0.3562184274,0.05549927428,0.2474398315,0.4649969935,0.1558012515,176.6305847,0.05679484457,0.1181755314,0.1505394582,-0.6114210543,0.2766251394,0.855512619,0.9044559002,0.8600274324,-0.7377143502,0.1946070939,0.8976338506,-0.8942030986,-0.4516948982,-0.02959074077,0.3761784229,0.07487001173,0.2520358443,0.6865843584
53,WA,Washington,2017,123.0979385,9.069678307,105.321373,140.8745117,0.0736785531,132.4776459,9.048379898,114.7428284,150.2124786,0.06830117851,0.739115715,0.03906904161,0.6625404358,0.8156910539,0.05285916477,0.7808295488,0.03556496277,0.7111222148,0.8505368829,0.04554766789,0.4695762396,0.04763746634,0.3762068152,0.5629456639,0.101447776,166.5475922,0.06200738251,0.4628796522,0.5896453503,-0.522066987,0.3341402836,0.8914545774,0.9146040678,0.862526536,0.01563162915,0.4210927784,0.9519145489,-0.7068003833,-0.2130740067,0.2694668181,0.4097622637,0.08639865312,0.2759387193,0.769413238
53,WA,Washington,2018,128.2155609,15.81098843,97.22602081,159.2050934,0.123315677,132.3638611,16.08872795,100.8299561,163.8977814,0.1215492487,0.7337619066,0.05586542189,0.6242656708,0.8432581425,0.07613562793,0.7702189684,0.05415280163,0.6640794277,0.8763584495,0.07030832022,0.3847150505,0.05299859121,0.2808378041,0.488592267,0.1377606392,174.7372894,0.06511451304,0.5880300303,0.7490698107,-0.4688041132,0.3509564546,0.9054738283,0.9247028232,0.855907023,0.3094761074,0.6464756727,0.8081383109,-0.7101851177,-0.1433064734,0.4140393345,0.4259976011,0.09327073615,0.2755070026,0.7994855957
53,WA,Washington,2019,130.30336,15.84570599,99.24577332,161.3609314,0.1216062754,145.7628021,15.49322033,115.3960953,176.1295166,0.1062906235,0.6595947146,0.04541312531,0.5705849528,0.7486044168,0.06885004789,0.7292149067,0.04387865588,0.6432127357,0.8152170777,0.06017246097,0.4042462707,0.04201906174,0.3218889236,0.4866036475,0.1039442196,197.5506439,0.06430193782,0.7279013495,0.927246736,-0.4827333933,0.3961758367,0.9124048352,0.9370116591,0.8558900952,0.4547505081,0.9211828709,0.8077706695,-0.3116093835,0.04430131973,0.4021098434,0.4246579321,0.09147355243,0.3263446116,0.8330952451
53,WA,Washington,2021,144.5699158,12.59696102,119.8798828,169.259964,0.08713404089,164.7971802,13.84366608,137.6635895,191.9307556,0.08400426805,0.7470784783,0.03934033588,0.6699714065,0.8241855502,0.05265890807,0.8045147061,0.03140961006,0.74295187,0.8660775423,0.03904168308,0.5016625524,0.04961701483,0.4044132233,0.5989119411,0.09890515357,193.5137024,0.2437902838,1.097459575,1.398013357,2.594081379,0.7266937257,0.9362184405,0.953828156,0.8666741848,0.9538853765,1.296491623,1.042001724,0.2546026167,1.415565784,2.599754934,0.6714511013,0.4884503794,0.398563921,0.9218963122
53,WA,Washington,2022,145.4333344,13.12969398,119.6991272,171.1675262,0.09027981013,161.9855804,13.891222,134.7587738,189.2123718,0.0857559219,0.7145655751,0.04115374014,0.6339042783,0.7952269316,0.05759267136,0.7723172307,0.03550689667,0.7027237415,0.8419107795,0.04597449675,0.4999793768,0.05466093868,0.3928439319,0.6071148515,0.109326385,203.5269165,0.203423351,1.095263958,1.395216442,1.902105673,0.6641533915,0.9351015091,0.9595029354,0.8616178036,0.9304744005,1.423140645,0.9321768284,0.1709664977,1.156096204,2.161793423,0.6222684968,0.3991702827,0.3878962864,0.9213687279
53,WA,Washington,2023,142.9031677,15.37710667,112.7640381,173.0422974,0.1076050773,153.873764,15.53507996,123.4250031,184.322525,0.1009599045,0.6934760213,0.04747800902,0.6004191041,0.7865329385,0.06846380979,0.7731772661,0.04056312889,0.6936735511,0.8526809812,0.05246290937,0.5532167554,0.04440723732,0.4661785364,0.6402549148,0.08027095348,206.0679321,0.1751319021,1.088846425,1.387041383,1.417129628,0.6051447297,0.940600872,0.9644945264,0.8502954841,1.045741439,1.534542441,0.6862553954,-0.07033415211,0.9112789531,1.907149377,0.5936722456,0.3365976986,0.357118828,0.9198266603
54,WV,West Virginia,2016,236.0779114,73.79711151,91.43557739,380.7202454,0.3125964105,245.0325165,73.65944672,100.6600037,389.4050293,0.3006108999,0.8174845576,0.06957606226,0.6811155081,0.9538536668,0.08510994166,0.8174845576,0.06957606226,0.6811155081,0.9538536668,0.08510994166,0.5701507926,0.1029526964,0.3683634996,0.771938026,0.1805709898,288.7857666,0.04002504051,-1.828524739,-2.329290365,-0.8988914223,0.3383493389,0.7325333357,0.7863716483,0.8311575651,-3.315368891,-2.440783978,0.2705786526,2.641347806,-0.1956113269,-2.994665468,0.0432037347,0.03778000699,0.7029889232,0.218812166
54,WV,West Virginia,2017,239.5279999,49.87192535,141.7790375,337.2769775,0.208209157,240.2027893,49.91916656,142.3612366,338.0443726,0.2078209221,0.8163295984,0.09060636908,0.6387411356,0.9939181209,0.1109923869,0.8163295984,0.09060636908,0.6387411356,0.9939181209,0.1109923869,0.6184185743,0.09371934831,0.434728682,0.8021085262,0.1515467763,293.4207153,0.03050019033,-1.509765709,-1.92323497,-1.06216776,0.3463122223,0.7780793309,0.7941955328,0.8231933713,-2.360721588,-2.266171455,0.0975959152,2.497678837,-0.1625746309,-2.784221622,0.06683635122,0.01671376573,0.6846642078,0.2954067051
54,WV,West Virginia,2018,226.9782104,43.88859558,140.9565582,312.9998474,0.1933604032,232.7580566,46.1040535,142.3941193,323.1220093,0.1980771571,0.8967698812,0.04725891724,0.8041424155,0.989397347,0.05269904807,0.8967698812,0.04725891724,0.8041424155,0.989397347,0.05269904807,0.6787273884,0.08733144403,0.5075577497,0.849897027,0.128669396,253.1063995,0.03658789024,-1.370229026,-1.745484324,-0.9578115414,0.3511850612,0.7984970808,0.8206100464,0.7956214547,-1.932764053,-1.676655293,-0.5012677312,2.276221799,-0.1423580221,-2.525668826,0.0958715508,0.03017801478,0.656417766,0.3289359451
54,WV,West Virginia,2019,189.5267944,39.07120514,112.9472351,266.1063538,0.2061513513,191.0578613,38.81891632,114.9727783,267.1429138,0.2031788528,0.8722031713,0.05081792548,0.7726000547,0.9718063474,0.05826386064,0.8907874823,0.04559751973,0.8014163375,0.980158627,0.05118787661,0.602591455,0.1006842628,0.4052502811,0.7999325991,0.1670854539,217.2966156,0.03884056211,-1.117512127,-1.423557568,-0.9191959196,0.2804901014,0.8174220324,0.8349018693,0.7975790501,-1.536095738,-1.357692003,-0.4587486386,1.035774072,-0.4356598054,-1.898134877,0.1663429353,0.03516027992,0.4982009175,0.3896612348
54,WV,West Virginia,2021,158.5189972,33.37598038,93.10206604,223.9359131,0.2105487734,167.719574,32.62451172,103.7755356,231.66362,0.1945182085,0.767980814,0.07088238001,0.6290513277,0.9069103003,0.09229707718,0.810269475,0.08190790564,0.6497299671,0.9708089828,0.1010872349,0.4716702402,0.07553316653,0.3236252367,0.6197152734,0.1601397693,206.4100952,0.1019886434,-0.1596687883,-0.2033961943,0.1632974777,0.4097163282,0.8828751445,0.8786585927,0.8217535019,-0.1641938984,-0.3811343312,0.06632186472,0.3415345056,0.1004785963,-0.1343902665,0.3644095494,0.1748257541,0.4096519252,0.6198212061
54,WV,West Virginia,2022,228.1045532,38.06113052,153.5047302,302.7043762,0.1668582708,233.1172333,39.12229156,156.4375305,309.796936,0.1678223908,0.9211000204,0.06133283675,0.8008876443,1.041312337,0.06658650935,0.9211000204,0.06133283675,0.8008876443,1.041312337,0.06658650935,0.5425032377,0.1213725954,0.3046129346,0.7803935409,0.223726958,247.6436157,0.09119012207,-0.07877633055,-0.1003502697,-0.02181231205,0.5594215996,0.8906818628,0.8966042995,0.8069532514,-0.0005645235651,0.01937595569,-0.2551404238,2.286906158,0.7215811921,-0.7899782449,0.2907877278,0.1509425169,0.6577805364,0.6392588376
54,WV,West Virginia,2023,116.1808395,31.30206108,54.82879639,177.5328827,0.2694253325,135.2938538,35.57032776,65.57601929,205.0117035,0.2629116178,0.6476113796,0.1086469814,0.4346632957,0.8605594635,0.1677657068,0.6873942614,0.1018541828,0.487760067,0.8870284557,0.1481743306,0.3912468553,0.09305687249,0.2088553905,0.57363832,0.2378469557,179.3990021,0.08730831742,-0.1075221178,-0.13696847,-0.08835475975,0.3173381087,0.8904374242,0.9023455977,0.7973194122,-0.005687974859,0.1475096047,-0.4643879831,-0.6230271865,-0.2827834721,0.04099030024,0.3841045976,0.1423570765,0.286623838,0.6323515185
55,WI,Wisconsin,2016,142.1928711,17.99619865,106.9203262,177.4654236,0.126561895,155.036911,17.06181908,121.5957565,188.4780884,0.1100500375,0.7259586453,0.05004106462,0.6278781891,0.8240391612,0.06893101335,0.7459589243,0.05144897103,0.6451188922,0.8467988968,0.0689702481,0.4898669422,0.05599856749,0.3801097572,0.599624157,0.1143138334,195.8691101,0.04835205898,-0.9146949202,-1.165196194,-0.7561484865,0.2282586216,0.8191542625,0.8476045132,0.8108685017,-1.499788046,-1.074195743,-0.1701009721,-0.03573424178,-0.6523596407,-1.282844978,0.2354393261,0.0561969875,0.3615319835,0.4383961381
55,WI,Wisconsin,2017,141.0088654,11.02846813,119.393074,162.6246643,0.07821117342,157.3605042,11.01264763,135.7757111,178.9452972,0.06998355687,0.7746143341,0.04073606804,0.6947716475,0.8544570208,0.05258883908,0.8124552965,0.04468917847,0.7248644829,0.9000460505,0.05500509217,0.4958793819,0.04527736455,0.4071357548,0.5846230388,0.09130721539,182.0375214,0.04903864488,-0.6101331611,-0.7772261789,-0.7443789332,0.2659285501,0.847650826,0.8654228449,0.8071267009,-0.902498126,-0.676528275,-0.2513730824,0.03338523855,-0.4960732912,-1.033620656,0.2634269482,0.05771551892,0.3703480473,0.5115792181
55,WI,Wisconsin,2018,146.733551,16.46956444,114.4531937,179.0138855,0.1122413054,150.1816559,16.16202736,118.5040817,181.8592377,0.1076165214,0.7807307243,0.05149739981,0.6797958612,0.881665647,0.06596051157,0.8136855364,0.0489336513,0.7177755833,0.9095954895,0.06013828516,0.4368208945,0.06705809385,0.3053870201,0.5682547688,0.1535139382,187.9438477,0.04884180054,-0.3907871246,-0.4978093363,-0.7477532669,0.270949612,0.8762387037,0.8757767081,0.7991966009,-0.303294152,-0.4454518855,-0.4236153364,-0.1801625866,-0.4752417299,-0.7805793535,0.2918432131,0.0572801556,0.3431104112,0.5642858304
55,WI,Wisconsin,2019,148.5495453,18.31180191,112.6584167,184.4406891,0.1232706681,154.3222504,18.57011986,117.9248199,190.7196808,0.1203333884,0.7840279341,0.03878511488,0.7080091238,0.860046804,0.04946904629,0.822987318,0.03779465705,0.7489097714,0.897064805,0.0459237434,0.4781576991,0.07091203332,0.3391701281,0.6171452999,0.1483025998,189.4697113,0.04939990863,-0.1945143491,-0.2477846716,-0.7381860986,0.3017021185,0.8955578208,0.8854236007,0.797750473,0.1016359031,-0.2301536351,-0.4550253153,-0.05699311516,-0.3476546285,-0.6429680204,0.3072968171,0.0585145309,0.3588204529,0.6114481738
55,WI,Wisconsin,2021,149.7014008,14.159235,121.9493027,177.4535065,0.09458318353,158.3233032,13.83229542,131.2120056,185.4346008,0.08736740053,0.8203878403,0.06790217757,0.6872995496,0.9534760714,0.08276838809,0.8522825241,0.06032806262,0.7340395451,0.9705255032,0.0707841143,0.5267826319,0.05805809051,0.4129887819,0.6405764818,0.1102126092,182.4763794,0.1491332948,0.4672032123,0.5951529744,0.9714578021,0.5163486846,0.9210631251,0.9248627424,0.8240101337,0.6362288594,0.6500447392,0.1153360382,0.06202543825,0.5428787382,1.032388107,0.4954375002,0.2790962237,0.3740010527,0.7704521454
55,WI,Wisconsin,2022,159.6839752,21.01024628,118.503891,200.8640594,0.1315739155,163.6292114,21.22951126,122.019371,205.2390594,0.1297415793,0.7015910149,0.05334172025,0.5970412493,0.8061407804,0.07602965087,0.7223458886,0.05012507364,0.6241007447,0.8205910325,0.06939206272,0.4481270313,0.062097352,0.3264162242,0.5698378682,0.1385708749,227.6026611,0.1315074861,0.5208179972,0.6634508756,0.6693136805,0.510241559,0.926725626,0.9324226379,0.8181831241,0.754915297,0.8187656403,-0.01122694556,0.2198592739,0.5175412767,0.8281148474,0.4724978338,0.2401129817,0.3941324709,0.7833352306
55,WI,Wisconsin,2023,155.2448883,16.74045944,122.4335938,188.0561829,0.1078325957,166.568924,14.57489491,138.0021362,195.1357269,0.08750068396,0.7691355348,0.04681329429,0.6773814559,0.8608896136,0.06086481735,0.8083641529,0.04167572409,0.7266797423,0.8900486231,0.05155562982,0.5430568457,0.05965841189,0.4261263609,0.6599873304,0.1098566577,201.843338,0.122372292,0.6098323514,0.7768429851,0.5127168826,0.5137961607,0.9305398464,0.9449676275,0.8139068484,0.8348616362,1.09874332,-0.1041079015,0.3073063396,0.5322887358,0.7733180571,0.4663442134,0.2199085481,0.4052861849,0.8047244708
56,WY,Wyoming,2016,129.1815033,35.9054985,58.80672836,199.5562744,0.2779461145,129.1815033,35.9054985,58.80672836,199.5562744,0.2779461145,0.7464495301,0.1445402801,0.4631505907,1.029748559,0.1936370432,0.7464495301,0.1445402801,0.4631505907,1.029748559,0.1936370432,0.3614162803,0.1716056615,0.02506918274,0.6977633834,0.474814415,173.061264,0.05716184899,-1.654791852,-2.107978435,-0.6051298122,0.1028516007,0.7314286232,0.8626170158,0.7778758407,-3.338523626,-0.739148438,-0.8867034912,-0.8048501056,-1.172652784,-1.582594997,0.2017777229,0.07568172043,0.2634326558,0.2605584043
56,WY,Wyoming,2017,307.8862305,66.82518005,176.9088745,438.8635864,0.2170450538,307.8862305,66.82518005,176.9088745,438.8635864,0.2170450538,1,0,1,1,0,1,0,1,1,0,0.7444224358,0.163610816,0.4237452447,1.065099597,0.2197822183,307.8862305,0.05390829965,-0.9444137712,-1.203053944,-0.660902618,0.5981750463,0.7936912775,0.8777381182,0.8003727198,-2.033493996,-0.4016773701,-0.398069948,4.511045205,0.8823628807,-2.651449525,0.0817465142,0.06848580091,0.9414654212,0.4312550017
56,WY,Wyoming,2018,110.4534607,19.9234333,71.40352631,149.5033875,0.1803785414,118.6467743,25.23478508,69.18659973,168.1069489,0.2126883417,0.9170663357,0.06023034081,0.7990148664,1.035117745,0.06567718834,0.9170663357,0.06023034081,0.7990148664,1.035117745,0.06567718834,0.3074523807,0.1707771868,-0.02727090754,0.6421756744,0.5554589629,120.4421768,0.06426566094,-0.8122506725,-1.034696237,-0.4833552567,0.1736893183,0.8177998066,0.8942497373,0.7783961892,-1.528177619,-0.03317290172,-0.8754014969,-1.118224673,-0.8787587223,-0.6774881697,0.3034202417,0.09139331837,0.2234623005,0.4630124445
56,WY,Wyoming,2019,146.9386902,68.72064972,12.24622154,281.6311646,0.467682451,147.0390167,68.711586,12.36431313,281.7137146,0.4673016965,0.675875783,0.1802990884,0.3224895298,1.029261947,0.2667636573,0.675875783,0.1802990884,0.3224895298,1.029261947,0.2667636573,0.3748618066,0.141016081,0.09847027808,0.6512533426,0.3761815131,217.404892,0.06005647779,-0.5333746672,-0.6794463586,-0.5555096735,0.2642909638,0.8553993702,0.9058234692,0.7687386274,-0.7400880456,0.2251283526,-1.085164309,-0.2736460721,-0.5028673681,-0.7463368726,0.2956886067,0.08208381048,0.3311867628,0.5300235003
56,WY,Wyoming,2021,212.2157898,45.04102325,123.935379,300.4961853,0.2122416198,215.0495911,44.99222946,126.8648224,303.2343445,0.2092179209,0.9001331329,0.05766349658,0.7871126533,1.013153553,0.06406107545,0.9568299055,0.04574807733,0.8671637177,1.046496153,0.0478121303,0.5794791579,0.1149695069,0.3541389108,0.8048194051,0.1984014511,235.760437,0.08411806077,-0.118436945,-0.1508724666,-0.1430425934,0.5024411839,0.8943935037,0.9275577664,0.7660880685,0.07723172754,0.7101919651,-1.142734528,1.749451464,0.4851788012,-0.7388614297,0.2965280909,0.1353011423,0.589229169,0.629728797
56,WY,Wyoming,2022,87.13542175,16.52821541,54.74011993,119.5307236,0.189684242,93.76358032,16.85638428,60.72506714,126.8020935,0.1797754019,0.8272695541,0.09976916015,0.631722033,1.022817135,0.1206005365,0.8272695541,0.09976916015,0.631722033,1.022817135,0.1206005365,0.3242648542,0.1368992925,0.05594223738,0.592587471,0.4221835732,105.3289337,0.08476291597,0.003275178373,0.00417212752,-0.1319883938,0.2259159866,0.8930011988,0.9443987608,0.7669381499,0.04804892093,1.086047411,-1.124270797,-1.85842028,-0.6620788489,0.4896177602,0.4344849766,0.1367273773,0.1290516988,0.6589749771
56,WY,Wyoming,2023,165.2982025,68.82756805,30.39617157,300.2002258,0.4163842499,169.9502258,69.04994202,34.61235046,305.2881165,0.4062950611,0.8750909567,0.1348859668,0.6107144952,1.139467478,0.1541393697,0.8750909567,0.1348859668,0.6107144952,1.139467478,0.1541393697,0.5526684523,0.216419071,0.1284870952,0.976849854,0.3915893137,188.8925934,0.1076919287,0.07173319161,0.09137827089,0.2610640066,0.4465857687,0.900894165,0.9458939433,0.7672405243,0.2134860605,1.119416714,-1.117703199,0.4078892793,0.2534438523,0.1099821488,0.3918523076,0.1874397881,0.4181153557,0.6754247385
